
> b2c-store@0.1.0 dev
> next dev -p 3000

⚠ Warning: Next.js inferred your workspace root, but it may not be correct.
 We detected multiple lockfiles and selected the directory of D:\project\package-lock.json as the root directory.
 To silence this warning, set `turbopack.root` in your Next.js config, or consider removing one of the lockfiles if it's not needed.
   See https://nextjs.org/docs/app/api-reference/config/next-config-js/turbopack#root-directory for more information.
 Detected additional lockfiles: 
   * D:\project\b2c-store\package-lock.json

▲ Next.js 16.1.1 (Turbopack)
- Local:         http://localhost:3000
- Network:       http://172.27.198.7:3000
- Environments: .env

✓ Starting...
✓ Ready in 1347ms
⨯ ./b2c-store/.next-internal/server/app/admin/quote-emails/page/actions.js:3:1
Export QuoteEmailHistoryItem doesn't exist in target module
[0m [90m 1 |[39m [36mexport[39m {logout [36mas[39m [32m'00b271bc576163270b6690378c3a521ede0faedbda'[39m} [36mfrom[39m [32m'ACTIONS_MODULE0'[39m
 [90m 2 |[39m [36mexport[39m {getQuoteEmailHistory [36mas[39m [32m'40c5408899d14f7bfae7848753a358dfba0062cf87'[39m} [36mfrom[39m [32m'ACTIONS_MODULE1'[39m
[31m[1m>[22m[39m[90m 3 |[39m [36mexport[39m {[33mQuoteEmailHistoryItem[39m [36mas[39m [32m'7f86cd0db3f8eb7ccb8134bdc450c084800cb5a9bc'[39m} [36mfrom[39m [32m'ACTIONS_MODULE1'[39m
 [90m   |[39m [31m[1m^[22m[39m[31m[1m^[22m[39m[31m[1m^[22m[39m[31m[1m^[22m[39m[31m[1m^[22m[39m[31m[1m^[22m[39m[31m[1m^[22m[39m[31m[1m^[22m[39m[31m[1m^[22m[39m[31m[1m^[22m[39m[31m[1m^[22m[39m[31m[1m^[22m[39m[31m[1m^[22m[39m[31m[1m^[22m[39m[31m[1m^[22m[39m[31m[1m^[22m[39m[31m[1m^[22m[39m[31m[1m^[22m[39m[31m[1m^[22m[39m[31m[1m^[22m[39m[31m[1m^[22m[39m[31m[1m^[22m[39m[31m[1m^[22m[39m[31m[1m^[22m[39m[31m[1m^[22m[39m[31m[1m^[22m[39m[31m[1m^[22m[39m[31m[1m^[22m[39m[31m[1m^[22m[39m[31m[1m^[22m[39m[31m[1m^[22m[39m[31m[1m^[22m[39m[31m[1m^[22m[39m[31m[1m^[22m[39m[31m[1m^[22m[39m[31m[1m^[22m[39m[31m[1m^[22m[39m[31m[1m^[22m[39m[31m[1m^[22m[39m[31m[1m^[22m[39m[31m[1m^[22m[39m[31m[1m^[22m[39m[31m[1m^[22m[39m[31m[1m^[22m[39m[31m[1m^[22m[39m[31m[1m^[22m[39m[31m[1m^[22m[39m[31m[1m^[22m[39m[31m[1m^[22m[39m[31m[1m^[22m[39m[31m[1m^[22m[39m[31m[1m^[22m[39m[31m[1m^[22m[39m[31m[1m^[22m[39m[31m[1m^[22m[39m[31m[1m^[22m[39m[31m[1m^[22m[39m[31m[1m^[22m[39m[31m[1m^[22m[39m[31m[1m^[22m[39m[31m[1m^[22m[39m[31m[1m^[22m[39m[31m[1m^[22m[39m[31m[1m^[22m[39m[31m[1m^[22m[39m[31m[1m^[22m[39m[31m[1m^[22m[39m[31m[1m^[22m[39m[31m[1m^[22m[39m[31m[1m^[22m[39m[31m[1m^[22m[39m[31m[1m^[22m[39m[31m[1m^[22m[39m[31m[1m^[22m[39m[31m[1m^[22m[39m[31m[1m^[22m[39m[31m[1m^[22m[39m[31m[1m^[22m[39m[31m[1m^[22m[39m[31m[1m^[22m[39m[31m[1m^[22m[39m[31m[1m^[22m[39m[31m[1m^[22m[39m[31m[1m^[22m[39m[31m[1m^[22m[39m[31m[1m^[22m[39m[31m[1m^[22m[39m[31m[1m^[22m[39m[31m[1m^[22m[39m[31m[1m^[22m[39m[31m[1m^[22m[39m[31m[1m^[22m[39m[31m[1m^[22m[39m[31m[1m^[22m[39m[31m[1m^[22m[39m[31m[1m^[22m[39m[31m[1m^[22m[39m[31m[1m^[22m[39m[31m[1m^[22m[39m[31m[1m^[22m[39m[31m[1m^[22m[39m
 [90m 4 |[39m[0m

The export QuoteEmailHistoryItem was not found in module [project]/b2c-store/src/actions/admin/quote-email-history.ts [app-rsc] (ecmascript).
Did you mean to import getQuoteEmailHistory?
All exports of the module are statically known (It doesn't have dynamic exports). So it's known statically that the requested export doesn't exist.


 GET /admin/quote-emails 500 in 1736ms (compile: 1524ms, proxy.ts: 120ms, render: 93ms)
 GET /newpage 200 in 4.0s (compile: 1059ms, proxy.ts: 22ms, render: 2.9s)
 GET /newpage 200 in 1913ms (compile: 3ms, proxy.ts: 5ms, render: 1905ms)
✓ Compiled in 196ms
 GET /admin/quote-emails 200 in 551ms (compile: 150ms, proxy.ts: 17ms, render: 383ms)
 GET /newpage 200 in 1008ms (compile: 10ms, proxy.ts: 16ms, render: 982ms)
 GET /newpage 200 in 1111ms (compile: 3ms, proxy.ts: 6ms, render: 1101ms)
 GET /admin/quote-emails 200 in 341ms (compile: 3ms, proxy.ts: 10ms, render: 328ms)
 GET /admin/email 200 in 1858ms (compile: 999ms, proxy.ts: 9ms, render: 850ms)
 GET /admin/quote-emails 200 in 175ms (compile: 4ms, proxy.ts: 9ms, render: 162ms)
 GET /newpage 200 in 1097ms (compile: 3ms, proxy.ts: 4ms, render: 1089ms)
 GET /newpage 200 in 741ms (compile: 3ms, proxy.ts: 3ms, render: 736ms)
✓ Compiled in 137ms
 GET /newpage 200 in 3.2s (compile: 4ms, proxy.ts: 5ms, render: 3.2s)
 GET /newpage 200 in 1129ms (compile: 140ms, proxy.ts: 9ms, render: 981ms)
 GET /admin/quote-emails 200 in 1784ms (compile: 2ms, proxy.ts: 8ms, render: 1773ms)
 GET /newpage 200 in 1402ms (compile: 4ms, proxy.ts: 7ms, render: 1392ms)
 GET /newpage 200 in 917ms (compile: 49ms, proxy.ts: 5ms, render: 863ms)
 GET /newpage 200 in 909ms (compile: 4ms, proxy.ts: 9ms, render: 897ms)
 GET /categories/head-protection 200 in 8.2s (compile: 1088ms, proxy.ts: 4ms, render: 7.1s)
 GET /categories/hand-protection 200 in 4.2s (compile: 14ms, proxy.ts: 6ms, render: 4.1s)
 GET /categories/foot-protection 200 in 5.4s (compile: 15ms, proxy.ts: 4ms, render: 5.4s)
 GET /categories/body-protection 200 in 4.6s (compile: 15ms, proxy.ts: 9ms, render: 4.6s)
 GET /categories/eye-protection 200 in 3.2s (compile: 11ms, proxy.ts: 4ms, render: 3.2s)
 GET /categories/fall-protection 200 in 4.0s (compile: 10ms, proxy.ts: 5ms, render: 4.0s)
 GET /solutions/construction-site-ppe-solution 200 in 5.2s (compile: 483ms, proxy.ts: 4ms, render: 4.7s)
 GET /solutions/ppe-for-oil-and-gas-field-operations 404 in 656ms (compile: 11ms, proxy.ts: 5ms, render: 640ms)
 GET /solutions/ppe-required-in-manufacturing-plants 404 in 373ms (compile: 11ms, proxy.ts: 3ms, render: 358ms)
 GET /solutions/ppe-for-warehouse-and-logistics-workers 404 in 282ms (compile: 4ms, proxy.ts: 3ms, render: 275ms)
 GET /solutions/ppe-for-electrical-maintenance-and-installation 404 in 364ms (compile: 11ms, proxy.ts: 4ms, render: 348ms)
 GET /solutions 200 in 2.9s (compile: 53ms, proxy.ts: 5ms, render: 2.9s)
 GET /about 200 in 266ms (compile: 46ms, proxy.ts: 5ms, render: 214ms)
 GET /certifications 404 in 326ms (compile: 258ms, proxy.ts: 4ms, render: 64ms)
 GET /quality-control 404 in 52ms (compile: 5ms, proxy.ts: 4ms, render: 43ms)
 GET /blog 200 in 1036ms (compile: 392ms, proxy.ts: 4ms, render: 639ms)
 GET /privacy 200 in 461ms (compile: 377ms, proxy.ts: 4ms, render: 79ms)
 GET /terms 200 in 490ms (compile: 398ms, proxy.ts: 5ms, render: 87ms)
 GET /sitemap.xml 200 in 1637ms (compile: 210ms, proxy.ts: 4ms, render: 1423ms)
 GET /newpage 200 in 1938ms (compile: 4ms, proxy.ts: 9ms, render: 1926ms)
 GET / 200 in 3.1s (compile: 51ms, proxy.ts: 17ms, render: 3.1s)
 GET /api/auth/session 200 in 731ms (compile: 691ms, render: 41ms)
 POST /api/chat/sessions 200 in 880ms (compile: 29ms, render: 850ms)
 POST /api/chat/sessions 200 in 1636ms (compile: 37ms, render: 1599ms)
 GET /newpage 200 in 1674ms (compile: 3ms, proxy.ts: 9ms, render: 1662ms)
✓ Compiled in 130ms
 GET /admin/quote-emails 200 in 621ms (compile: 9ms, proxy.ts: 30ms, render: 582ms)
 GET /newpage 200 in 1468ms (compile: 209ms, proxy.ts: 28ms, render: 1230ms)
✓ Compiled in 123ms
 GET /admin/quote-emails 200 in 244ms (compile: 33ms, proxy.ts: 13ms, render: 198ms)
 GET /newpage 200 in 3.1s (compile: 5ms, proxy.ts: 13ms, render: 3.1s)
 GET /newpage 200 in 823ms (compile: 2ms, proxy.ts: 3ms, render: 818ms)
 GET /categories/head-protection 200 in 5.8s (compile: 12ms, proxy.ts: 3ms, render: 5.7s)
 GET /categories/hand-protection 200 in 1934ms (compile: 10ms, proxy.ts: 4ms, render: 1920ms)
 GET /categories/foot-protection 200 in 4.3s (compile: 10ms, proxy.ts: 4ms, render: 4.2s)
 GET /categories/body-protection 200 in 1228ms (compile: 12ms, proxy.ts: 4ms, render: 1212ms)
 GET /categories/eye-protection 200 in 2.6s (compile: 11ms, proxy.ts: 4ms, render: 2.6s)
 GET /categories/fall-protection 200 in 3.8s (compile: 14ms, proxy.ts: 4ms, render: 3.7s)
 GET /solutions/construction-site-ppe-solution 200 in 5.9s (compile: 15ms, proxy.ts: 5ms, render: 5.9s)
 GET /solutions/ppe-for-metal-fabrication-and-welding-workshops 200 in 2.4s (compile: 11ms, proxy.ts: 5ms, render: 2.4s)
 GET /solutions/fall-protection-construction 200 in 3.2s (compile: 12ms, proxy.ts: 5ms, render: 3.2s)
 GET /solutions/ppe-safety-equipment-for-warehouse-logistics 200 in 2.4s (compile: 12ms, proxy.ts: 5ms, render: 2.4s)
 GET /solutions/ppe-safety-equipment-for-mining-quarrying 200 in 3.4s (compile: 12ms, proxy.ts: 8ms, render: 3.4s)
 GET /solutions/ppe-for-scaffolding-and-elevated-platforms 200 in 3.1s (compile: 13ms, proxy.ts: 5ms, render: 3.1s)
 GET /about 200 in 510ms (compile: 115ms, proxy.ts: 3ms, render: 392ms)
 GET /about 200 in 157ms (compile: 2ms, proxy.ts: 4ms, render: 150ms)
 GET /about 200 in 154ms (compile: 3ms, proxy.ts: 4ms, render: 148ms)
 GET /about 200 in 159ms (compile: 3ms, proxy.ts: 4ms, render: 152ms)
 GET /blog 200 in 821ms (compile: 4ms, proxy.ts: 4ms, render: 814ms)
 GET /privacy 200 in 87ms (compile: 4ms, proxy.ts: 4ms, render: 80ms)
 GET /terms 200 in 96ms (compile: 4ms, proxy.ts: 5ms, render: 87ms)
 GET /sitemap.xml 200 in 647ms (compile: 1969µs, proxy.ts: 4ms, render: 641ms)
 GET /newpage 200 in 1586ms (compile: 7ms, proxy.ts: 17ms, render: 1562ms)
 GET /about 200 in 63ms (compile: 3ms, proxy.ts: 8ms, render: 51ms)
 GET /api/auth/session 200 in 72ms (compile: 38ms, render: 35ms)
 GET /api/auth/session 200 in 24ms (compile: 4ms, render: 20ms)
 POST /api/chat/sessions 200 in 923ms (compile: 3ms, render: 919ms)
 POST /api/chat/sessions 200 in 1841ms (compile: 11ms, render: 1830ms)
✓ Compiled in 985ms
 GET /admin/quote-emails 200 in 1173ms (compile: 7ms, proxy.ts: 11ms, render: 1155ms)
⨯ ReferenceError: Mail is not defined
    at NewHomeFooter (src\modules\home-new\components\NewHomePage.tsx:1027:23)
  1025 |             <h3>Contact Us</h3>
  1026 |             <p><span><Phone size={12} strokeWidth={1.8} /></span>+86 180 2930 9938</p>
> 1027 |             <p><span><Mail size={12} strokeWidth={1.8} /></span>sales@laifappe.com</p>
       |                       ^
  1028 |             <p>
  1029 |               <span>W</span>
  1030 |               <a href="https://www.laifappe.com" rel="noopener noreferrer" target="_blank"> {
  digest: '963640434'
}
 GET /newpage 200 in 1682ms (compile: 368ms, proxy.ts: 19ms, render: 1294ms)
⨯ ReferenceError: Mail is not defined
    at NewHomeFooter (src\modules\home-new\components\NewHomePage.tsx:1027:23)
  1025 |             <h3>Contact Us</h3>
  1026 |             <p><span><Phone size={12} strokeWidth={1.8} /></span>+86 180 2930 9938</p>
> 1027 |             <p><span><Mail size={12} strokeWidth={1.8} /></span>sales@laifappe.com</p>
       |                       ^
  1028 |             <p>
  1029 |               <span>W</span>
  1030 |               <a href="https://www.laifappe.com" rel="noopener noreferrer" target="_blank"> {
  digest: '963640434'
}
 GET /newpage 500 in 2.6s (compile: 4ms, proxy.ts: 9ms, render: 2.6s)
⚠ Fast Refresh had to perform a full reload due to a runtime error.
✓ Compiled in 214ms
 GET /admin/quote-emails 200 in 509ms (compile: 4ms, proxy.ts: 15ms, render: 490ms)
⨯ ReferenceError: Mail is not defined
    at NewHomeFooter (src\modules\home-new\components\NewHomePage.tsx:1027:23)
  1025 |             <h3>Contact Us</h3>
  1026 |             <p><span><Phone size={12} strokeWidth={1.8} /></span>+86 180 2930 9938</p>
> 1027 |             <p><span><Mail size={12} strokeWidth={1.8} /></span>sales@laifappe.com</p>
       |                       ^
  1028 |             <p>
  1029 |               <span>W</span>
  1030 |               <a href="https://www.laifappe.com" rel="noopener noreferrer" target="_blank"> {
  digest: '2860459444'
}
 GET /newpage 500 in 1424ms (compile: 129ms, proxy.ts: 15ms, render: 1280ms)
⚠ Fast Refresh had to perform a full reload due to a runtime error.
 GET /admin/quote-emails 200 in 828ms (compile: 250ms, proxy.ts: 18ms, render: 559ms)
⨯ ReferenceError: Mail is not defined
    at NewHomeFooter (src\modules\home-new\components\NewHomePage.tsx:1027:23)
  1025 |             <h3>Contact Us</h3>
  1026 |             <p><span><Phone size={12} strokeWidth={1.8} /></span>+86 180 2930 9938</p>
> 1027 |             <p><span><Mail size={12} strokeWidth={1.8} /></span>sales@laifappe.com</p>
       |                       ^
  1028 |             <p>
  1029 |               <span>W</span>
  1030 |               <a href="https://www.laifappe.com" rel="noopener noreferrer" target="_blank"> {
  digest: '1667096822'
}
 GET /newpage 500 in 2.6s (compile: 112ms, proxy.ts: 22ms, render: 2.4s)
⚠ Fast Refresh had to perform a full reload due to a runtime error.
✓ Compiled in 93ms
⨯ ReferenceError: Mail is not defined
    at NewHomeFooter (src\modules\home-new\components\NewHomePage.tsx:1027:23)
  1025 |             <h3>Contact Us</h3>
  1026 |             <p><span><Phone size={12} strokeWidth={1.8} /></span>+86 180 2930 9938</p>
> 1027 |             <p><span><Mail size={12} strokeWidth={1.8} /></span>sales@laifappe.com</p>
       |                       ^
  1028 |             <p>
  1029 |               <span>W</span>
  1030 |               <a href="https://www.laifappe.com" rel="noopener noreferrer" target="_blank"> {
  digest: '1667096822'
}
 GET /newpage 500 in 1818ms (compile: 102ms, proxy.ts: 7ms, render: 1709ms)
⨯ ReferenceError: Mail is not defined
    at NewHomeFooter (src\modules\home-new\components\NewHomePage.tsx:1027:23)
  1025 |             <h3>Contact Us</h3>
  1026 |             <p><span><Phone size={12} strokeWidth={1.8} /></span>+86 180 2930 9938</p>
> 1027 |             <p><span><Mail size={12} strokeWidth={1.8} /></span>sales@laifappe.com</p>
       |                       ^
  1028 |             <p>
  1029 |               <span>W</span>
  1030 |               <a href="https://www.laifappe.com" rel="noopener noreferrer" target="_blank"> {
  digest: '1667096822'
}
 GET /newpage 500 in 708ms (compile: 8ms, proxy.ts: 4ms, render: 696ms)
✓ Compiled in 116ms
 GET /admin/quote-emails 200 in 146ms (compile: 3ms, proxy.ts: 11ms, render: 133ms)
⨯ ReferenceError: Mail is not defined
    at NewHomeFooter (src\modules\home-new\components\NewHomePage.tsx:1027:23)
  1025 |             <h3>Contact Us</h3>
  1026 |             <p><span><Phone size={12} strokeWidth={1.8} /></span>+86 180 2930 9938</p>
> 1027 |             <p><span><Mail size={12} strokeWidth={1.8} /></span>sales@laifappe.com</p>
       |                       ^
  1028 |             <p>
  1029 |               <span>W</span>
  1030 |               <a href="https://www.laifappe.com" rel="noopener noreferrer" target="_blank"> {
  digest: '1667096822'
}
 GET /newpage 500 in 1359ms (compile: 3ms, proxy.ts: 9ms, render: 1348ms)
 GET /newpage 200 in 3.9s (compile: 177ms, proxy.ts: 9ms, render: 3.7s)
 GET /newpage 200 in 802ms (compile: 3ms, proxy.ts: 7ms, render: 791ms)
 GET /newpage 200 in 1138ms (compile: 4ms, proxy.ts: 5ms, render: 1129ms)
 GET /newpage 200 in 702ms (compile: 4ms, proxy.ts: 8ms, render: 689ms)
 GET /newpage 200 in 1213ms (compile: 22ms, proxy.ts: 4ms, render: 1187ms)
 GET /newpage 200 in 726ms (compile: 5ms, proxy.ts: 16ms, render: 705ms)
 GET /newpage 200 in 1275ms (compile: 6ms, proxy.ts: 10ms, render: 1260ms)
✓ Compiled in 108ms
 GET /newpage 200 in 1118ms (compile: 163ms, proxy.ts: 4ms, render: 951ms)
 GET /newpage 200 in 1064ms (compile: 3ms, proxy.ts: 8ms, render: 1053ms)
 GET /newpage 200 in 1525ms (compile: 4ms, proxy.ts: 12ms, render: 1509ms)
 GET /about 200 in 98ms (compile: 15ms, proxy.ts: 8ms, render: 74ms)
 GET /api/auth/session 200 in 45ms (compile: 21ms, render: 24ms)
 GET /api/auth/session 200 in 17ms (compile: 3ms, render: 14ms)
prisma:error Error in PostgreSQL connection: Error { kind: Io, cause: Some(Os { code: 10054, kind: ConnectionReset, message: "远程主机强迫关闭了一个现有的连接。" }) }
prisma:error Error in PostgreSQL connection: Error { kind: Io, cause: Some(Os { code: 10054, kind: ConnectionReset, message: "远程主机强迫关闭了一个现有的连接。" }) }
prisma:error Error in PostgreSQL connection: Error { kind: Io, cause: Some(Os { code: 10054, kind: ConnectionReset, message: "远程主机强迫关闭了一个现有的连接。" }) }
prisma:error Error in PostgreSQL connection: Error { kind: Io, cause: Some(Os { code: 10054, kind: ConnectionReset, message: "远程主机强迫关闭了一个现有的连接。" }) }
prisma:error Error in PostgreSQL connection: Error { kind: Io, cause: Some(Os { code: 10054, kind: ConnectionReset, message: "远程主机强迫关闭了一个现有的连接。" }) }
prisma:error Error in PostgreSQL connection: Error { kind: Io, cause: Some(Os { code: 10054, kind: ConnectionReset, message: "远程主机强迫关闭了一个现有的连接。" }) }
prisma:error Error in PostgreSQL connection: Error { kind: Io, cause: Some(Os { code: 10054, kind: ConnectionReset, message: "远程主机强迫关闭了一个现有的连接。" }) }
prisma:error Error in PostgreSQL connection: Error { kind: Io, cause: Some(Os { code: 10054, kind: ConnectionReset, message: "远程主机强迫关闭了一个现有的连接。" }) }
 GET /newpage 200 in 6.3s (compile: 91ms, proxy.ts: 178ms, render: 6.0s)
✓ Compiled in 749ms
✓ Compiled in 253ms
 GET /admin/quote-emails 200 in 2.0s (compile: 1274ms, proxy.ts: 88ms, render: 639ms)
 GET /newpage 200 in 4.4s (compile: 746ms, proxy.ts: 138ms, render: 3.5s)
✓ Compiled in 140ms
 GET /newpage 200 in 3.6s (compile: 6ms, proxy.ts: 7ms, render: 3.6s)
 GET /newpage 200 in 1475ms (compile: 3ms, proxy.ts: 5ms, render: 1468ms)
✓ Compiled in 112ms
 GET /newpage 200 in 1447ms (compile: 11ms, proxy.ts: 5ms, render: 1431ms)
 GET /newpage 200 in 1210ms (compile: 3ms, proxy.ts: 5ms, render: 1202ms)
 GET /newpage 200 in 751ms (compile: 54ms, proxy.ts: 4ms, render: 694ms)
✓ Compiled in 131ms
✓ Compiled in 96ms
 GET /admin/quote-emails 200 in 841ms (compile: 7ms, proxy.ts: 22ms, render: 812ms)
 GET /newpage 200 in 2.1s (compile: 189ms, proxy.ts: 29ms, render: 1854ms)
 GET /admin/quote-emails 200 in 353ms (compile: 3ms, proxy.ts: 9ms, render: 341ms)
 GET /newpage 200 in 983ms (compile: 123ms, proxy.ts: 8ms, render: 852ms)
✓ Compiled in 110ms
✓ Compiled in 127ms
✓ Compiled in 122ms
 GET /newpage 200 in 1638ms (compile: 5ms, proxy.ts: 5ms, render: 1629ms)
 GET /newpage 200 in 1459ms (compile: 2ms, proxy.ts: 4ms, render: 1452ms)
 GET /newpage 200 in 785ms (compile: 7ms, proxy.ts: 10ms, render: 769ms)
 GET /newpage 200 in 950ms (compile: 7ms, proxy.ts: 14ms, render: 929ms)
✓ Compiled in 484ms
 GET /newpage 200 in 1760ms (compile: 11ms, proxy.ts: 4ms, render: 1746ms)
 GET /newpage 200 in 1034ms (compile: 4ms, proxy.ts: 14ms, render: 1016ms)
 GET /newpage 200 in 612ms (compile: 29ms, proxy.ts: 13ms, render: 570ms)
 GET /about 200 in 149ms (compile: 15ms, proxy.ts: 13ms, render: 121ms)
 GET /api/auth/session 200 in 75ms (compile: 34ms, render: 41ms)
 GET /api/auth/session 200 in 24ms (compile: 4ms, render: 20ms)
 GET /products 200 in 4.0s (compile: 452ms, proxy.ts: 13ms, render: 3.6s)
 GET /api/auth/session 200 in 31ms (compile: 17ms, render: 14ms)
 GET /api/auth/session 200 in 90ms (compile: 26ms, render: 64ms)
 POST /api/chat/sessions 200 in 1546ms (compile: 39ms, render: 1506ms)
 POST /api/chat/sessions 200 in 3.0s (compile: 25ms, render: 3.0s)
 GET / 200 in 3.1s (compile: 10ms, proxy.ts: 9ms, render: 3.1s)
 GET /solutions 200 in 3.1s (compile: 7ms, proxy.ts: 8ms, render: 3.1s)
Error [TimeoutError]: The operation was aborted due to timeout
    at ignore-listed frames {
  code: 23,
  INDEX_SIZE_ERR: 1,
  DOMSTRING_SIZE_ERR: 2,
  HIERARCHY_REQUEST_ERR: 3,
  WRONG_DOCUMENT_ERR: 4,
  INVALID_CHARACTER_ERR: 5,
  NO_DATA_ALLOWED_ERR: 6,
  NO_MODIFICATION_ALLOWED_ERR: 7,
  NOT_FOUND_ERR: 8,
  NOT_SUPPORTED_ERR: 9,
  INUSE_ATTRIBUTE_ERR: 10,
  INVALID_STATE_ERR: 11,
  SYNTAX_ERR: 12,
  INVALID_MODIFICATION_ERR: 13,
  NAMESPACE_ERR: 14,
  INVALID_ACCESS_ERR: 15,
  VALIDATION_ERR: 16,
  TYPE_MISMATCH_ERR: 17,
  SECURITY_ERR: 18,
  NETWORK_ERR: 19,
  ABORT_ERR: 20,
  URL_MISMATCH_ERR: 21,
  QUOTA_EXCEEDED_ERR: 22,
  TIMEOUT_ERR: 23,
  INVALID_NODE_TYPE_ERR: 24,
  DATA_CLONE_ERR: 25
}
Error [TimeoutError]: The operation was aborted due to timeout
    at ignore-listed frames {
  code: 23,
  INDEX_SIZE_ERR: 1,
  DOMSTRING_SIZE_ERR: 2,
  HIERARCHY_REQUEST_ERR: 3,
  WRONG_DOCUMENT_ERR: 4,
  INVALID_CHARACTER_ERR: 5,
  NO_DATA_ALLOWED_ERR: 6,
  NO_MODIFICATION_ALLOWED_ERR: 7,
  NOT_FOUND_ERR: 8,
  NOT_SUPPORTED_ERR: 9,
  INUSE_ATTRIBUTE_ERR: 10,
  INVALID_STATE_ERR: 11,
  SYNTAX_ERR: 12,
  INVALID_MODIFICATION_ERR: 13,
  NAMESPACE_ERR: 14,
  INVALID_ACCESS_ERR: 15,
  VALIDATION_ERR: 16,
  TYPE_MISMATCH_ERR: 17,
  SECURITY_ERR: 18,
  NETWORK_ERR: 19,
  ABORT_ERR: 20,
  URL_MISMATCH_ERR: 21,
  QUOTA_EXCEEDED_ERR: 22,
  TIMEOUT_ERR: 23,
  INVALID_NODE_TYPE_ERR: 24,
  DATA_CLONE_ERR: 25
}
Error [TimeoutError]: The operation was aborted due to timeout
    at ignore-listed frames {
  code: 23,
  INDEX_SIZE_ERR: 1,
  DOMSTRING_SIZE_ERR: 2,
  HIERARCHY_REQUEST_ERR: 3,
  WRONG_DOCUMENT_ERR: 4,
  INVALID_CHARACTER_ERR: 5,
  NO_DATA_ALLOWED_ERR: 6,
  NO_MODIFICATION_ALLOWED_ERR: 7,
  NOT_FOUND_ERR: 8,
  NOT_SUPPORTED_ERR: 9,
  INUSE_ATTRIBUTE_ERR: 10,
  INVALID_STATE_ERR: 11,
  SYNTAX_ERR: 12,
  INVALID_MODIFICATION_ERR: 13,
  NAMESPACE_ERR: 14,
  INVALID_ACCESS_ERR: 15,
  VALIDATION_ERR: 16,
  TYPE_MISMATCH_ERR: 17,
  SECURITY_ERR: 18,
  NETWORK_ERR: 19,
  ABORT_ERR: 20,
  URL_MISMATCH_ERR: 21,
  QUOTA_EXCEEDED_ERR: 22,
  TIMEOUT_ERR: 23,
  INVALID_NODE_TYPE_ERR: 24,
  DATA_CLONE_ERR: 25
}
Error [TimeoutError]: The operation was aborted due to timeout
    at ignore-listed frames {
  code: 23,
  INDEX_SIZE_ERR: 1,
  DOMSTRING_SIZE_ERR: 2,
  HIERARCHY_REQUEST_ERR: 3,
  WRONG_DOCUMENT_ERR: 4,
  INVALID_CHARACTER_ERR: 5,
  NO_DATA_ALLOWED_ERR: 6,
  NO_MODIFICATION_ALLOWED_ERR: 7,
  NOT_FOUND_ERR: 8,
  NOT_SUPPORTED_ERR: 9,
  INUSE_ATTRIBUTE_ERR: 10,
  INVALID_STATE_ERR: 11,
  SYNTAX_ERR: 12,
  INVALID_MODIFICATION_ERR: 13,
  NAMESPACE_ERR: 14,
  INVALID_ACCESS_ERR: 15,
  VALIDATION_ERR: 16,
  TYPE_MISMATCH_ERR: 17,
  SECURITY_ERR: 18,
  NETWORK_ERR: 19,
  ABORT_ERR: 20,
  URL_MISMATCH_ERR: 21,
  QUOTA_EXCEEDED_ERR: 22,
  TIMEOUT_ERR: 23,
  INVALID_NODE_TYPE_ERR: 24,
  DATA_CLONE_ERR: 25
}
Error [TimeoutError]: The operation was aborted due to timeout
    at ignore-listed frames {
  code: 23,
  INDEX_SIZE_ERR: 1,
  DOMSTRING_SIZE_ERR: 2,
  HIERARCHY_REQUEST_ERR: 3,
  WRONG_DOCUMENT_ERR: 4,
  INVALID_CHARACTER_ERR: 5,
  NO_DATA_ALLOWED_ERR: 6,
  NO_MODIFICATION_ALLOWED_ERR: 7,
  NOT_FOUND_ERR: 8,
  NOT_SUPPORTED_ERR: 9,
  INUSE_ATTRIBUTE_ERR: 10,
  INVALID_STATE_ERR: 11,
  SYNTAX_ERR: 12,
  INVALID_MODIFICATION_ERR: 13,
  NAMESPACE_ERR: 14,
  INVALID_ACCESS_ERR: 15,
  VALIDATION_ERR: 16,
  TYPE_MISMATCH_ERR: 17,
  SECURITY_ERR: 18,
  NETWORK_ERR: 19,
  ABORT_ERR: 20,
  URL_MISMATCH_ERR: 21,
  QUOTA_EXCEEDED_ERR: 22,
  TIMEOUT_ERR: 23,
  INVALID_NODE_TYPE_ERR: 24,
  DATA_CLONE_ERR: 25
}
✓ Compiled in 205ms
 GET /admin/quote-emails 200 in 1227ms (compile: 25ms, proxy.ts: 69ms, render: 1132ms)
 GET /solutions 200 in 2.1s (compile: 171ms, proxy.ts: 70ms, render: 1876ms)
✓ Compiled in 184ms
 GET /admin/quote-emails 200 in 1113ms (compile: 15ms, proxy.ts: 29ms, render: 1069ms)
 GET /solutions 200 in 1276ms (compile: 61ms, proxy.ts: 29ms, render: 1186ms)
✓ Compiled in 359ms
 GET /newpage 200 in 2.3s (compile: 394ms, proxy.ts: 7ms, render: 1879ms)
 GET /newpage 200 in 1886ms (compile: 5ms, proxy.ts: 7ms, render: 1874ms)
Error [TimeoutError]: The operation was aborted due to timeout
    at ignore-listed frames {
  code: 23,
  INDEX_SIZE_ERR: 1,
  DOMSTRING_SIZE_ERR: 2,
  HIERARCHY_REQUEST_ERR: 3,
  WRONG_DOCUMENT_ERR: 4,
  INVALID_CHARACTER_ERR: 5,
  NO_DATA_ALLOWED_ERR: 6,
  NO_MODIFICATION_ALLOWED_ERR: 7,
  NOT_FOUND_ERR: 8,
  NOT_SUPPORTED_ERR: 9,
  INUSE_ATTRIBUTE_ERR: 10,
  INVALID_STATE_ERR: 11,
  SYNTAX_ERR: 12,
  INVALID_MODIFICATION_ERR: 13,
  NAMESPACE_ERR: 14,
  INVALID_ACCESS_ERR: 15,
  VALIDATION_ERR: 16,
  TYPE_MISMATCH_ERR: 17,
  SECURITY_ERR: 18,
  NETWORK_ERR: 19,
  ABORT_ERR: 20,
  URL_MISMATCH_ERR: 21,
  QUOTA_EXCEEDED_ERR: 22,
  TIMEOUT_ERR: 23,
  INVALID_NODE_TYPE_ERR: 24,
  DATA_CLONE_ERR: 25
}
 GET /_next/image?url=https%3A%2F%2Fshop.laifappe.com%2Fhomepage%2Fhand-protection-a1a00d94a6.webp&w=384&q=75 500 in 7.2s (compile: 7.1s, render: 88ms)
 GET /_next/image?url=https%3A%2F%2Fshop.laifappe.com%2Fhomepage%2Fhand-protection-a1a00d94a6.webp&w=384&q=75 500 in 7.2s (compile: 7.1s, render: 89ms)
 GET /orders?tab=lookup 200 in 1534ms (compile: 1494ms, proxy.ts: 11ms, render: 29ms)
 GET /admin/quote-emails 200 in 249ms (compile: 4ms, proxy.ts: 13ms, render: 232ms)
✓ Compiled in 361ms
 GET /admin/quote-emails 200 in 561ms (compile: 40ms, proxy.ts: 18ms, render: 503ms)
 GET /solutions 200 in 1242ms (compile: 43ms, proxy.ts: 11ms, render: 1188ms)
 GET /solutions 200 in 3.6s (compile: 5ms, proxy.ts: 27ms, render: 3.6s)
✓ Compiled in 171ms
✓ Compiled in 139ms
 GET /admin/quote-emails 200 in 438ms (compile: 10ms, proxy.ts: 33ms, render: 396ms)
 GET /admin/quote-emails 200 in 420ms (compile: 12ms, proxy.ts: 38ms, render: 370ms)
 GET /solutions 200 in 1077ms (compile: 67ms, proxy.ts: 36ms, render: 974ms)
 GET /solutions 200 in 1564ms (compile: 67ms, proxy.ts: 40ms, render: 1457ms)
✓ Compiled in 138ms
 GET /admin/quote-emails 200 in 390ms (compile: 4ms, proxy.ts: 14ms, render: 373ms)
 GET /admin/quote-emails 200 in 575ms (compile: 5ms, proxy.ts: 47ms, render: 523ms)
 GET /solutions 200 in 1889ms (compile: 51ms, proxy.ts: 43ms, render: 1795ms)
 GET /solutions 200 in 4.4s (compile: 50ms, proxy.ts: 14ms, render: 4.4s)
 GET /newpage 200 in 4.0s (compile: 223ms, proxy.ts: 5ms, render: 3.8s)
 GET /newpage 200 in 2.4s (compile: 6ms, proxy.ts: 8ms, render: 2.4s)
 GET /about 200 in 4.1s (compile: 1296ms, proxy.ts: 124ms, render: 2.7s)
 GET /about 200 in 220ms (compile: 8ms, proxy.ts: 9ms, render: 202ms)
 GET /about 200 in 244ms (compile: 5ms, proxy.ts: 23ms, render: 216ms)
 GET /api/auth/session 200 in 31ms (compile: 20ms, render: 11ms)
 GET /about 200 in 259ms (compile: 9ms, proxy.ts: 4ms, render: 246ms)
 GET /api/auth/session 200 in 16ms (compile: 11ms, render: 5ms)
 GET /about 200 in 214ms (compile: 8ms, proxy.ts: 5ms, render: 201ms)
 GET /api/auth/session 200 in 15ms (compile: 10ms, render: 4ms)
prisma:error Error in PostgreSQL connection: Error { kind: Io, cause: Some(Os { code: 10054, kind: ConnectionReset, message: "远程主机强迫关闭了一个现有的连接。" }) }
prisma:error Error in PostgreSQL connection: Error { kind: Io, cause: Some(Os { code: 10054, kind: ConnectionReset, message: "远程主机强迫关闭了一个现有的连接。" }) }
prisma:error Error in PostgreSQL connection: Error { kind: Io, cause: Some(Os { code: 10054, kind: ConnectionReset, message: "远程主机强迫关闭了一个现有的连接。" }) }
prisma:error Error in PostgreSQL connection: Error { kind: Io, cause: Some(Os { code: 10054, kind: ConnectionReset, message: "远程主机强迫关闭了一个现有的连接。" }) }
prisma:error Error in PostgreSQL connection: Error { kind: Io, cause: Some(Os { code: 10054, kind: ConnectionReset, message: "远程主机强迫关闭了一个现有的连接。" }) }
prisma:error Error in PostgreSQL connection: Error { kind: Io, cause: Some(Os { code: 10054, kind: ConnectionReset, message: "远程主机强迫关闭了一个现有的连接。" }) }
prisma:error Error in PostgreSQL connection: Error { kind: Io, cause: Some(Os { code: 10054, kind: ConnectionReset, message: "远程主机强迫关闭了一个现有的连接。" }) }
✓ Compiled in 744ms
 GET /about 200 in 2.9s (compile: 1271ms, proxy.ts: 567ms, render: 1053ms)
 GET /newpage 200 in 2.8s (compile: 526ms, proxy.ts: 465ms, render: 1832ms)
 GET /admin/quote-emails 200 in 2.9s (compile: 122ms, proxy.ts: 441ms, render: 2.3s)
✓ Compiled in 291ms
 GET /newpage 200 in 1694ms (compile: 20ms, proxy.ts: 55ms, render: 1619ms)
 GET /about 200 in 145ms (compile: 11ms, proxy.ts: 9ms, render: 125ms)
 GET /api/auth/session 200 in 68ms (compile: 48ms, render: 20ms)
 GET /api/auth/session 200 in 13ms (compile: 3ms, render: 10ms)
 POST /api/chat/sessions 200 in 868ms (compile: 14ms, render: 854ms)
 POST /api/chat/sessions 200 in 1532ms (compile: 6ms, render: 1526ms)
prisma:error Error in PostgreSQL connection: Error { kind: Io, cause: Some(Os { code: 10054, kind: ConnectionReset, message: "远程主机强迫关闭了一个现有的连接。" }) }
prisma:error Error in PostgreSQL connection: Error { kind: Io, cause: Some(Os { code: 10054, kind: ConnectionReset, message: "远程主机强迫关闭了一个现有的连接。" }) }
prisma:error Error in PostgreSQL connection: Error { kind: Io, cause: Some(Os { code: 10054, kind: ConnectionReset, message: "远程主机强迫关闭了一个现有的连接。" }) }
 GET /about 200 in 1605ms (compile: 55ms, proxy.ts: 62ms, render: 1488ms)
 GET /api/auth/session 200 in 168ms (compile: 82ms, render: 86ms)
 GET /about 200 in 308ms (compile: 5ms, proxy.ts: 22ms, render: 281ms)
 GET /api/auth/session 200 in 19ms (compile: 13ms, render: 6ms)
 GET /about 200 in 274ms (compile: 5ms, proxy.ts: 4ms, render: 265ms)
✓ Compiled in 421ms
 GET /about 200 in 1056ms (compile: 364ms, proxy.ts: 34ms, render: 659ms)
 GET /about 200 in 1079ms (compile: 600ms, proxy.ts: 49ms, render: 430ms)
 GET /about 200 in 339ms (compile: 7ms, proxy.ts: 22ms, render: 310ms)
 GET /about 200 in 338ms (compile: 107ms, proxy.ts: 21ms, render: 210ms)
 GET /admin/quote-emails 200 in 2.2s (compile: 4ms, proxy.ts: 60ms, render: 2.1s)
 GET /admin/quote-emails 200 in 2.4s (compile: 76ms, proxy.ts: 21ms, render: 2.3s)
✓ Compiled in 203ms
 GET /about 200 in 621ms (compile: 467ms, proxy.ts: 34ms, render: 119ms)
 GET /about 200 in 631ms (compile: 252ms, proxy.ts: 41ms, render: 337ms)
 GET /admin/quote-emails 200 in 1734ms (compile: 435ms, proxy.ts: 35ms, render: 1264ms)
 GET /about 200 in 1497ms (compile: 7ms, proxy.ts: 5ms, render: 1486ms)
 GET /about 200 in 938ms (compile: 78ms, proxy.ts: 112ms, render: 748ms)
 GET /api/auth/session 200 in 104ms (compile: 33ms, render: 71ms)
 POST /api/chat/sessions 200 in 1277ms (compile: 25ms, render: 1251ms)
 POST /api/chat/sessions 200 in 2.4s (compile: 8ms, render: 2.4s)
 GET /about 200 in 297ms (compile: 7ms, proxy.ts: 8ms, render: 281ms)
 GET /api/auth/session 200 in 24ms (compile: 11ms, render: 12ms)
 POST /api/chat/sessions 200 in 880ms (compile: 4ms, render: 877ms)
 POST /api/chat/sessions 200 in 1305ms (compile: 9ms, render: 1296ms)
 GET / 200 in 3.1s (compile: 23ms, proxy.ts: 16ms, render: 3.1s)
 GET /about 200 in 86ms (compile: 6ms, proxy.ts: 16ms, render: 64ms)
 GET /newpage 200 in 2.0s (compile: 333ms, proxy.ts: 8ms, render: 1678ms)
 GET /newpage 200 in 3.4s (compile: 6ms, proxy.ts: 12ms, render: 3.4s)
 GET /about 200 in 140ms (compile: 14ms, proxy.ts: 16ms, render: 110ms)
 GET /api/auth/session 200 in 75ms (compile: 25ms, render: 50ms)
 GET /api/auth/session 200 in 18ms (compile: 8ms, render: 10ms)
 POST /api/chat/sessions 200 in 1511ms (compile: 5ms, render: 1506ms)
 POST /api/chat/sessions 200 in 2.0s (compile: 13ms, render: 2.0s)
 GET /about 200 in 79ms (compile: 5ms, proxy.ts: 13ms, render: 60ms)
 GET / 200 in 3.1s (compile: 21ms, proxy.ts: 14ms, render: 3.0s)
 GET /about 200 in 76ms (compile: 5ms, proxy.ts: 9ms, render: 62ms)
prisma:error Error in PostgreSQL connection: Error { kind: Io, cause: Some(Os { code: 10054, kind: ConnectionReset, message: "远程主机强迫关闭了一个现有的连接。" }) }
prisma:error Error in PostgreSQL connection: Error { kind: Io, cause: Some(Os { code: 10054, kind: ConnectionReset, message: "远程主机强迫关闭了一个现有的连接。" }) }
prisma:error Error in PostgreSQL connection: Error { kind: Io, cause: Some(Os { code: 10054, kind: ConnectionReset, message: "远程主机强迫关闭了一个现有的连接。" }) }
prisma:error Error in PostgreSQL connection: Error { kind: Io, cause: Some(Os { code: 10054, kind: ConnectionReset, message: "远程主机强迫关闭了一个现有的连接。" }) }
prisma:error Error in PostgreSQL connection: Error { kind: Io, cause: Some(Os { code: 10054, kind: ConnectionReset, message: "远程主机强迫关闭了一个现有的连接。" }) }
prisma:error Error in PostgreSQL connection: Error { kind: Io, cause: Some(Os { code: 10054, kind: ConnectionReset, message: "远程主机强迫关闭了一个现有的连接。" }) }
prisma:error Error in PostgreSQL connection: Error { kind: Io, cause: Some(Os { code: 10054, kind: ConnectionReset, message: "远程主机强迫关闭了一个现有的连接。" }) }
prisma:error Error in PostgreSQL connection: Error { kind: Io, cause: Some(Os { code: 10054, kind: ConnectionReset, message: "远程主机强迫关闭了一个现有的连接。" }) }
✓ Compiled in 735ms
 GET /about 200 in 2.1s (compile: 750ms, proxy.ts: 246ms, render: 1059ms)
 GET /about 200 in 2.1s (compile: 1440ms, proxy.ts: 252ms, render: 384ms)
 GET /admin/quote-emails 200 in 3.0s (compile: 1541ms, proxy.ts: 328ms, render: 1124ms)
✓ Compiled in 433ms
 GET /admin/quote-emails 200 in 2.5s (compile: 10ms, proxy.ts: 58ms, render: 2.5s)
 GET /about 200 in 2.9s (compile: 237ms, proxy.ts: 60ms, render: 2.6s)
 GET /about 200 in 2.9s (compile: 628ms, proxy.ts: 55ms, render: 2.2s)
✓ Compiled in 220ms
 GET /about 200 in 706ms (compile: 510ms, proxy.ts: 46ms, render: 150ms)
 GET /about 200 in 705ms (compile: 292ms, proxy.ts: 45ms, render: 368ms)
 GET /admin/quote-emails 200 in 817ms (compile: 7ms, proxy.ts: 47ms, render: 764ms)
 GET /about 200 in 2.3s (compile: 63ms, proxy.ts: 45ms, render: 2.2s)
 GET /api/auth/session 200 in 210ms (compile: 65ms, render: 145ms)
 POST /api/chat/sessions 200 in 1680ms (compile: 6ms, render: 1675ms)
⨯ Error [PrismaClientKnownRequestError]: Transaction API error: Unable to start a transaction in the given time.
    at async POST (src\app\api\chat\sessions\route.ts:60:23)
  58 |   const lockKey = userId ? `chat:user:${userId}` : `chat:visitor:${visitorId}`
  59 |
> 60 |   const chatSession = await prisma.$transaction(async (tx) => {
     |                       ^
  61 |     await tx.$executeRaw`SELECT pg_advisory_xact_lock(hashtext(${lockKey})::bigint)`
  62 |
  63 |     let activeSession = await tx.chatSession.findFirst({ {
  code: 'P2028',
  meta: [Object],
  clientVersion: '6.19.1'
}
 POST /api/chat/sessions 500 in 2.8s (compile: 36ms, render: 2.8s)
 GET /about 200 in 376ms (compile: 28ms, proxy.ts: 40ms, render: 307ms)
 GET /api/auth/session 200 in 104ms (compile: 51ms, render: 53ms)
 POST /api/chat/sessions 200 in 816ms (compile: 30ms, render: 786ms)
 POST /api/chat/sessions 200 in 3.9s (compile: 23ms, render: 3.8s)
✓ Compiled in 578ms
 GET /about 200 in 604ms (compile: 238ms, proxy.ts: 50ms, render: 316ms)
 GET /about 200 in 583ms (compile: 444ms, proxy.ts: 41ms, render: 99ms)
 GET /admin/quote-emails 200 in 2.9s (compile: 419ms, proxy.ts: 54ms, render: 2.4s)
 GET /about 200 in 1144ms (compile: 11ms, proxy.ts: 22ms, render: 1111ms)
 GET /about 200 in 680ms (compile: 3ms, proxy.ts: 6ms, render: 671ms)
 GET /about 200 in 483ms (compile: 7ms, proxy.ts: 18ms, render: 458ms)
 GET /api/auth/session 200 in 62ms (compile: 29ms, render: 33ms)
 GET /api/auth/session 200 in 61ms (compile: 54ms, render: 7ms)
 GET /about 200 in 319ms (compile: 4ms, proxy.ts: 14ms, render: 301ms)
 GET /api/auth/session 200 in 41ms (compile: 10ms, render: 31ms)
⨯ Error [PrismaClientKnownRequestError]: Transaction API error: Unable to start a transaction in the given time.
    at async POST (src\app\api\chat\sessions\route.ts:60:23)
  58 |   const lockKey = userId ? `chat:user:${userId}` : `chat:visitor:${visitorId}`
  59 |
> 60 |   const chatSession = await prisma.$transaction(async (tx) => {
     |                       ^
  61 |     await tx.$executeRaw`SELECT pg_advisory_xact_lock(hashtext(${lockKey})::bigint)`
  62 |
  63 |     let activeSession = await tx.chatSession.findFirst({ {
  code: 'P2028',
  meta: [Object],
  clientVersion: '6.19.1'
}
 POST /api/chat/sessions 500 in 2.4s (compile: 23ms, render: 2.4s)
 POST /api/chat/sessions 200 in 4.1s (compile: 5ms, render: 4.1s)
 GET /about 200 in 358ms (compile: 4ms, proxy.ts: 6ms, render: 349ms)
 GET /api/auth/session 200 in 17ms (compile: 12ms, render: 6ms)
 GET /about 200 in 2.1s (compile: 11ms, proxy.ts: 14ms, render: 2.1s)
 GET /api/auth/session 200 in 30ms (compile: 15ms, render: 15ms)
 GET /about 200 in 361ms (compile: 72ms, proxy.ts: 7ms, render: 282ms)
 GET /api/auth/session 200 in 13ms (compile: 9ms, render: 4ms)
 GET /about 200 in 306ms (compile: 6ms, proxy.ts: 4ms, render: 296ms)
 GET /api/auth/session 200 in 17ms (compile: 11ms, render: 5ms)
 GET /about 200 in 336ms (compile: 21ms, proxy.ts: 14ms, render: 302ms)
 GET /api/auth/session 200 in 22ms (compile: 11ms, render: 11ms)
✓ Compiled in 243ms
 GET /about 200 in 576ms (compile: 20ms, proxy.ts: 97ms, render: 459ms)
 GET /api/auth/session 200 in 37ms (compile: 20ms, render: 17ms)
✓ Compiled in 276ms
 GET /about 200 in 2.0s (compile: 932ms, proxy.ts: 185ms, render: 925ms)
 GET /about 200 in 2.1s (compile: 1533ms, proxy.ts: 208ms, render: 315ms)
 GET /admin/quote-emails 200 in 6.8s (compile: 59ms, proxy.ts: 260ms, render: 6.5s)
✓ Compiled in 421ms
 GET /about 200 in 655ms (compile: 225ms, proxy.ts: 47ms, render: 384ms)
 GET /about 200 in 661ms (compile: 448ms, proxy.ts: 47ms, render: 166ms)
 GET /admin/quote-emails 200 in 1153ms (compile: 13ms, proxy.ts: 55ms, render: 1085ms)
✓ Compiled in 237ms
 GET /about 200 in 543ms (compile: 157ms, proxy.ts: 39ms, render: 347ms)
 GET /about 200 in 534ms (compile: 369ms, proxy.ts: 32ms, render: 132ms)
 GET /admin/quote-emails 200 in 664ms (compile: 325ms, proxy.ts: 33ms, render: 307ms)
 GET /about 200 in 3.0s (compile: 9ms, proxy.ts: 60ms, render: 3.0s)
 GET /api/auth/session 200 in 32ms (compile: 16ms, render: 16ms)
 GET /about 200 in 363ms (compile: 91ms, proxy.ts: 5ms, render: 267ms)
 GET /api/auth/session 200 in 15ms (compile: 11ms, render: 4ms)
 GET /about 200 in 337ms (compile: 10ms, proxy.ts: 6ms, render: 321ms)
 GET /api/auth/session 200 in 18ms (compile: 12ms, render: 6ms)
✓ Compiled in 162ms
 GET /about 200 in 337ms (compile: 7ms, proxy.ts: 5ms, render: 325ms)
 GET /api/auth/session 200 in 25ms (compile: 14ms, render: 11ms)
✓ Compiled in 126ms
 GET /about 200 in 251ms (compile: 3ms, proxy.ts: 5ms, render: 243ms)
 GET /api/auth/session 200 in 14ms (compile: 9ms, render: 4ms)
✓ Compiled in 229ms
 GET /about 200 in 2.0s (compile: 897ms, proxy.ts: 191ms, render: 924ms)
 GET /about 200 in 2.0s (compile: 1600ms, proxy.ts: 191ms, render: 222ms)
 GET /admin/quote-emails 200 in 3.0s (compile: 73ms, proxy.ts: 240ms, render: 2.7s)
✓ Compiled in 179ms
 GET /about 200 in 1739ms (compile: 13ms, proxy.ts: 28ms, render: 1698ms)
 GET /api/auth/session 200 in 127ms (compile: 35ms, render: 92ms)
 POST /api/chat/sessions 200 in 1050ms (compile: 7ms, render: 1043ms)
 POST /api/chat/sessions 200 in 1602ms (compile: 57ms, render: 1545ms)
 GET /about 200 in 511ms (compile: 6ms, proxy.ts: 9ms, render: 496ms)
 GET /api/auth/session 200 in 285ms (compile: 76ms, render: 209ms)
 GET /about 200 in 333ms (compile: 50ms, proxy.ts: 22ms, render: 261ms)
 GET /api/auth/session 200 in 14ms (compile: 10ms, render: 4ms)
 GET /about 200 in 234ms (compile: 4ms, proxy.ts: 13ms, render: 218ms)
 GET /api/auth/session 200 in 25ms (compile: 13ms, render: 12ms)
 POST /api/chat/sessions 200 in 1651ms (compile: 3ms, render: 1648ms)
 POST /api/chat/sessions 200 in 3.7s (compile: 15ms, render: 3.7s)
 GET /about 200 in 317ms (compile: 4ms, proxy.ts: 11ms, render: 302ms)
 GET /api/auth/session 200 in 33ms (compile: 15ms, render: 18ms)
 POST /api/chat/sessions 200 in 1274ms (compile: 3ms, render: 1271ms)
 GET /about 200 in 311ms (compile: 7ms, proxy.ts: 17ms, render: 287ms)
 POST /api/chat/sessions 200 in 2.2s (compile: 4ms, render: 2.2s)
 GET /api/auth/session 200 in 62ms (compile: 18ms, render: 44ms)
 POST /api/chat/sessions 200 in 2.6s (compile: 2ms, render: 2.6s)
 POST /api/chat/sessions 200 in 3.7s (compile: 8ms, render: 3.7s)
✓ Compiled in 375ms
 GET /about 200 in 2.2s (compile: 1234ms, proxy.ts: 257ms, render: 754ms)
 GET /about 200 in 2.2s (compile: 1666ms, proxy.ts: 210ms, render: 324ms)
 GET /admin/quote-emails 200 in 4.5s (compile: 472ms, proxy.ts: 190ms, render: 3.9s)
 GET /about 200 in 2.4s (compile: 100ms, proxy.ts: 184ms, render: 2.1s)
 GET /api/auth/session 200 in 162ms (compile: 71ms, render: 91ms)
 POST /api/chat/sessions 200 in 3.7s (compile: 6ms, render: 3.7s)
 POST /api/chat/sessions 200 in 5.5s (compile: 33ms, render: 5.5s)
 GET /about 200 in 341ms (compile: 10ms, proxy.ts: 13ms, render: 318ms)
 GET /api/auth/session 200 in 41ms (compile: 23ms, render: 18ms)
 POST /api/chat/sessions 200 in 1347ms (compile: 18ms, render: 1330ms)
 POST /api/chat/sessions 200 in 1378ms (compile: 15ms, render: 1363ms)
 GET /about 200 in 406ms (compile: 13ms, proxy.ts: 14ms, render: 380ms)
 GET /api/auth/session 200 in 42ms (compile: 21ms, render: 21ms)
 POST /api/chat/sessions 200 in 2.0s (compile: 4ms, render: 2.0s)
 POST /api/chat/sessions 200 in 4.0s (compile: 11ms, render: 4.0s)
 GET /about 200 in 2.8s (compile: 277ms, proxy.ts: 15ms, render: 2.5s)
 GET /admin/quote-emails 200 in 2.3s (compile: 51ms, proxy.ts: 201ms, render: 2.1s)
 GET /about 200 in 3.1s (compile: 8ms, proxy.ts: 522ms, render: 2.6s)
 GET /about 200 in 1079ms (compile: 10ms, proxy.ts: 28ms, render: 1041ms)
 GET /api/auth/session 200 in 53ms (compile: 38ms, render: 14ms)
 POST /api/chat/sessions 200 in 1204ms (compile: 4ms, render: 1200ms)
 POST /api/chat/sessions 200 in 2.2s (compile: 9ms, render: 2.2s)
 GET /about 200 in 267ms (compile: 8ms, proxy.ts: 16ms, render: 243ms)
 GET /api/auth/session 200 in 29ms (compile: 15ms, render: 14ms)
 POST /api/chat/sessions 200 in 1432ms (compile: 18ms, render: 1415ms)
 POST /api/chat/sessions 200 in 2.1s (compile: 23ms, render: 2.0s)
 GET /about 200 in 234ms (compile: 8ms, proxy.ts: 8ms, render: 218ms)
 GET /api/auth/session 200 in 31ms (compile: 16ms, render: 15ms)
 POST /api/chat/sessions 200 in 1253ms (compile: 4ms, render: 1250ms)
 POST /api/chat/sessions 200 in 2.1s (compile: 11ms, render: 2.1s)
 GET /about 200 in 235ms (compile: 4ms, proxy.ts: 8ms, render: 224ms)
 GET /api/auth/session 200 in 35ms (compile: 13ms, render: 22ms)
 POST /api/chat/sessions 200 in 539ms (compile: 9ms, render: 530ms)
 POST /api/chat/sessions 200 in 1645ms (compile: 5ms, render: 1640ms)
✓ Compiled in 202ms
 GET /about 200 in 783ms (compile: 94ms, proxy.ts: 59ms, render: 630ms)
 GET /api/auth/session 200 in 51ms (compile: 26ms, render: 25ms)
 GET /about 200 in 594ms (compile: 267ms, proxy.ts: 7ms, render: 320ms)
 GET /api/auth/session 200 in 16ms (compile: 11ms, render: 5ms)
 GET /about 200 in 340ms (compile: 4ms, proxy.ts: 7ms, render: 329ms)
 GET /api/auth/session 200 in 18ms (compile: 13ms, render: 6ms)
 GET /about 200 in 1296ms (compile: 71ms, proxy.ts: 5ms, render: 1220ms)
 GET /api/auth/session 200 in 110ms (compile: 60ms, render: 49ms)
 GET /about 200 in 410ms (compile: 5ms, proxy.ts: 31ms, render: 375ms)
 GET /api/auth/session 200 in 43ms (compile: 14ms, render: 28ms)
 POST /api/chat/sessions 200 in 1386ms (compile: 4ms, render: 1382ms)
 POST /api/chat/sessions 200 in 3.0s (compile: 14ms, render: 3.0s)
 GET /about 200 in 327ms (compile: 5ms, proxy.ts: 8ms, render: 315ms)
 GET /api/auth/session 200 in 27ms (compile: 16ms, render: 12ms)
 POST /api/chat/sessions 200 in 443ms (compile: 10ms, render: 432ms)
 POST /api/chat/sessions 200 in 1531ms (compile: 3ms, render: 1529ms)
 GET /about 200 in 272ms (compile: 5ms, proxy.ts: 13ms, render: 253ms)
 GET /api/auth/session 200 in 72ms (compile: 23ms, render: 48ms)
 GET /about 200 in 304ms (compile: 25ms, proxy.ts: 10ms, render: 269ms)
 POST /api/chat/sessions 200 in 524ms (compile: 4ms, render: 520ms)
 POST /api/chat/sessions 200 in 523ms (compile: 10ms, render: 514ms)
 GET /api/auth/session 200 in 83ms (compile: 26ms, render: 57ms)
 GET /about 200 in 291ms (compile: 4ms, proxy.ts: 9ms, render: 278ms)
 POST /api/chat/sessions 200 in 553ms (compile: 8ms, render: 545ms)
 POST /api/chat/sessions 200 in 555ms (compile: 3ms, render: 552ms)
 GET /api/auth/session 200 in 44ms (compile: 18ms, render: 26ms)
 POST /api/chat/sessions 200 in 523ms (compile: 6ms, render: 517ms)
 POST /api/chat/sessions 200 in 1399ms (compile: 2ms, render: 1397ms)
 GET /about 200 in 2.1s (compile: 112ms, proxy.ts: 216ms, render: 1817ms)
 GET /api/auth/session 200 in 137ms (compile: 48ms, render: 89ms)
⨯ Error [PrismaClientKnownRequestError]: Transaction API error: Unable to start a transaction in the given time.
    at async POST (src\app\api\chat\sessions\route.ts:60:23)
  58 |   const lockKey = userId ? `chat:user:${userId}` : `chat:visitor:${visitorId}`
  59 |
> 60 |   const chatSession = await prisma.$transaction(async (tx) => {
     |                       ^
  61 |     await tx.$executeRaw`SELECT pg_advisory_xact_lock(hashtext(${lockKey})::bigint)`
  62 |
  63 |     let activeSession = await tx.chatSession.findFirst({ {
  code: 'P2028',
  meta: [Object],
  clientVersion: '6.19.1'
}
 POST /api/chat/sessions 500 in 2.7s (compile: 12ms, render: 2.7s)
⨯ Error [PrismaClientKnownRequestError]: Transaction API error: Unable to start a transaction in the given time.
    at async POST (src\app\api\chat\sessions\route.ts:60:23)
  58 |   const lockKey = userId ? `chat:user:${userId}` : `chat:visitor:${visitorId}`
  59 |
> 60 |   const chatSession = await prisma.$transaction(async (tx) => {
     |                       ^
  61 |     await tx.$executeRaw`SELECT pg_advisory_xact_lock(hashtext(${lockKey})::bigint)`
  62 |
  63 |     let activeSession = await tx.chatSession.findFirst({ {
  code: 'P2028',
  meta: [Object],
  clientVersion: '6.19.1'
}
 POST /api/chat/sessions 500 in 2.8s (compile: 4ms, render: 2.7s)
 GET /about 200 in 320ms (compile: 4ms, proxy.ts: 10ms, render: 306ms)
 GET /api/auth/session 200 in 27ms (compile: 14ms, render: 13ms)
⨯ Error [PrismaClientKnownRequestError]: Transaction API error: Unable to start a transaction in the given time.
    at async POST (src\app\api\chat\sessions\route.ts:60:23)
  58 |   const lockKey = userId ? `chat:user:${userId}` : `chat:visitor:${visitorId}`
  59 |
> 60 |   const chatSession = await prisma.$transaction(async (tx) => {
     |                       ^
  61 |     await tx.$executeRaw`SELECT pg_advisory_xact_lock(hashtext(${lockKey})::bigint)`
  62 |
  63 |     let activeSession = await tx.chatSession.findFirst({ {
  code: 'P2028',
  meta: [Object],
  clientVersion: '6.19.1'
}
 POST /api/chat/sessions 500 in 2.2s (compile: 5ms, render: 2.1s)
⨯ Error [PrismaClientKnownRequestError]: Transaction API error: Unable to start a transaction in the given time.
    at async POST (src\app\api\chat\sessions\route.ts:60:23)
  58 |   const lockKey = userId ? `chat:user:${userId}` : `chat:visitor:${visitorId}`
  59 |
> 60 |   const chatSession = await prisma.$transaction(async (tx) => {
     |                       ^
  61 |     await tx.$executeRaw`SELECT pg_advisory_xact_lock(hashtext(${lockKey})::bigint)`
  62 |
  63 |     let activeSession = await tx.chatSession.findFirst({ {
  code: 'P2028',
  meta: [Object],
  clientVersion: '6.19.1'
}
 POST /api/chat/sessions 500 in 2.3s (compile: 9ms, render: 2.2s)
✓ Compiled in 432ms
 GET /about 200 in 2.0s (compile: 1414ms, proxy.ts: 360ms, render: 259ms)
 GET /about 200 in 2.0s (compile: 956ms, proxy.ts: 360ms, render: 733ms)
 GET /admin/quote-emails 200 in 4.0s (compile: 88ms, proxy.ts: 440ms, render: 3.5s)
 GET /admin/quote-emails 200 in 1496ms (compile: 279ms, proxy.ts: 30ms, render: 1187ms)
 GET /about 200 in 1531ms (compile: 303ms, proxy.ts: 26ms, render: 1202ms)
 GET /about 200 in 1536ms (compile: 120ms, proxy.ts: 26ms, render: 1391ms)
✓ Compiled in 255ms
 GET /about 200 in 951ms (compile: 14ms, proxy.ts: 18ms, render: 919ms)
 GET /api/auth/session 200 in 26ms (compile: 13ms, render: 14ms)
 GET /about 200 in 279ms (compile: 51ms, proxy.ts: 4ms, render: 224ms)
 GET /api/auth/session 200 in 36ms (compile: 10ms, render: 27ms)
✓ Compiled in 128ms
 GET /about 200 in 281ms (compile: 10ms, proxy.ts: 8ms, render: 263ms)
 GET /api/auth/session 200 in 59ms (compile: 15ms, render: 43ms)
⨯ Error [PrismaClientKnownRequestError]: Transaction API error: Unable to start a transaction in the given time.
    at async POST (src\app\api\chat\sessions\route.ts:60:23)
  58 |   const lockKey = userId ? `chat:user:${userId}` : `chat:visitor:${visitorId}`
  59 |
> 60 |   const chatSession = await prisma.$transaction(async (tx) => {
     |                       ^
  61 |     await tx.$executeRaw`SELECT pg_advisory_xact_lock(hashtext(${lockKey})::bigint)`
  62 |
  63 |     let activeSession = await tx.chatSession.findFirst({ {
  code: 'P2028',
  meta: [Object],
  clientVersion: '6.19.1'
}
 POST /api/chat/sessions 500 in 2.2s (compile: 14ms, render: 2.2s)
 POST /api/chat/sessions 200 in 5.6s (compile: 5ms, render: 5.6s)
 GET /about 200 in 215ms (compile: 13ms, proxy.ts: 7ms, render: 195ms)
 GET /api/auth/session 200 in 91ms (compile: 29ms, render: 62ms)
 POST /api/chat/sessions 200 in 1240ms (compile: 3ms, render: 1237ms)
 POST /api/chat/sessions 200 in 1213ms (compile: 2ms, render: 1211ms)
 GET /about 200 in 255ms (compile: 4ms, proxy.ts: 9ms, render: 241ms)
 GET /api/auth/session 200 in 34ms (compile: 21ms, render: 13ms)
prisma:error 
Invalid `tx.chatSession.findFirst()` invocation in
D:\project\b2c-store\.next\dev\server\chunks\[root-of-the-server]__b2c9ec31._.js:254:50

  251 const lockKey = userId ? `chat:user:${userId}` : `chat:visitor:${visitorId}`;
  252 const chatSession = await __TURBOPACK__imported__module__$5b$project$5d2f$b2c$2d$store$2f$src$2f$lib$2f$prisma$2e$ts__$5b$app$2d$route$5d$__$28$ecmascript$29$__["prisma"].$transaction(async (tx)=>{
  253     await tx.$executeRaw`SELECT pg_advisory_xact_lock(hashtext(${lockKey})::bigint)`;
→ 254     let activeSession = await tx.chatSession.findFirst(
Transaction API error: Transaction already closed: A query cannot be executed on an expired transaction. The timeout for this transaction was 5000 ms, however 6042 ms passed since the start of the transaction. Consider increasing the interactive transaction timeout or doing less work in the transaction.
prisma:error 
Invalid `tx.chatSession.findFirst()` invocation in
D:\project\b2c-store\.next\dev\server\chunks\[root-of-the-server]__b2c9ec31._.js:254:50

  251 const lockKey = userId ? `chat:user:${userId}` : `chat:visitor:${visitorId}`;
  252 const chatSession = await __TURBOPACK__imported__module__$5b$project$5d2f$b2c$2d$store$2f$src$2f$lib$2f$prisma$2e$ts__$5b$app$2d$route$5d$__$28$ecmascript$29$__["prisma"].$transaction(async (tx)=>{
  253     await tx.$executeRaw`SELECT pg_advisory_xact_lock(hashtext(${lockKey})::bigint)`;
→ 254     let activeSession = await tx.chatSession.findFirst(
Transaction API error: Transaction not found. Transaction ID is invalid, refers to an old closed transaction Prisma doesn't have information about anymore, or was obtained before disconnecting.
⨯ Error [PrismaClientKnownRequestError]: 
Invalid `tx.chatSession.findFirst()` invocation in
D:\project\b2c-store\.next\dev\server\chunks\[root-of-the-server]__b2c9ec31._.js:254:50

  251 const lockKey = userId ? `chat:user:${userId}` : `chat:visitor:${visitorId}`;
  252 const chatSession = await {imported module ./b2c-store/src/lib/prisma.ts}["prisma"].$transaction(async (tx)=>{
  253     await tx.$executeRaw`SELECT pg_advisory_xact_lock(hashtext(${lockKey})::bigint)`;
→ 254     let activeSession = await tx.chatSession.findFirst(
Transaction API error: Transaction already closed: A query cannot be executed on an expired transaction. The timeout for this transaction was 5000 ms, however 6042 ms passed since the start of the transaction. Consider increasing the interactive transaction timeout or doing less work in the transaction.
    at <unknown> (src\app\api\chat\sessions\route.ts:63:46)
    at async (src\app\api\chat\sessions\route.ts:63:25)
    at async POST (src\app\api\chat\sessions\route.ts:60:23)
  61 |     await tx.$executeRaw`SELECT pg_advisory_xact_lock(hashtext(${lockKey})::bigint)`
  62 |
> 63 |     let activeSession = await tx.chatSession.findFirst({
     |                                              ^
  64 |       where: {
  65 |         status: 'ACTIVE',
  66 |         ...sessionOwnerWhere, {
  code: 'P2028',
  meta: [Object],
  clientVersion: '6.19.1'
}
⨯ Error [PrismaClientKnownRequestError]: 
Invalid `tx.chatSession.findFirst()` invocation in
D:\project\b2c-store\.next\dev\server\chunks\[root-of-the-server]__b2c9ec31._.js:254:50

  251 const lockKey = userId ? `chat:user:${userId}` : `chat:visitor:${visitorId}`;
  252 const chatSession = await {imported module ./b2c-store/src/lib/prisma.ts}["prisma"].$transaction(async (tx)=>{
  253     await tx.$executeRaw`SELECT pg_advisory_xact_lock(hashtext(${lockKey})::bigint)`;
→ 254     let activeSession = await tx.chatSession.findFirst(
Transaction API error: Transaction not found. Transaction ID is invalid, refers to an old closed transaction Prisma doesn't have information about anymore, or was obtained before disconnecting.
    at <unknown> (src\app\api\chat\sessions\route.ts:63:46)
    at async (src\app\api\chat\sessions\route.ts:63:25)
    at async POST (src\app\api\chat\sessions\route.ts:60:23)
  61 |     await tx.$executeRaw`SELECT pg_advisory_xact_lock(hashtext(${lockKey})::bigint)`
  62 |
> 63 |     let activeSession = await tx.chatSession.findFirst({
     |                                              ^
  64 |       where: {
  65 |         status: 'ACTIVE',
  66 |         ...sessionOwnerWhere, {
  code: 'P2028',
  meta: [Object],
  clientVersion: '6.19.1'
}
 POST /api/chat/sessions 200 in 1117ms (compile: 3ms, render: 1114ms)
⨯ Error [PrismaClientKnownRequestError]: Transaction API error: Unable to start a transaction in the given time.
    at async POST (src\app\api\chat\sessions\route.ts:60:23)
  58 |   const lockKey = userId ? `chat:user:${userId}` : `chat:visitor:${visitorId}`
  59 |
> 60 |   const chatSession = await prisma.$transaction(async (tx) => {
     |                       ^
  61 |     await tx.$executeRaw`SELECT pg_advisory_xact_lock(hashtext(${lockKey})::bigint)`
  62 |
  63 |     let activeSession = await tx.chatSession.findFirst({ {
  code: 'P2028',
  meta: [Object],
  clientVersion: '6.19.1'
}
 POST /api/chat/sessions 500 in 2.1s (compile: 6ms, render: 2.1s)
 GET /about 200 in 219ms (compile: 5ms, proxy.ts: 9ms, render: 205ms)
 GET /api/auth/session 200 in 26ms (compile: 15ms, render: 11ms)
 POST /api/chat/sessions 200 in 585ms (compile: 3ms, render: 582ms)
 POST /api/chat/sessions 200 in 3.9s (compile: 6ms, render: 3.9s)
 GET /about 200 in 216ms (compile: 5ms, proxy.ts: 11ms, render: 200ms)
 GET /api/auth/session 200 in 97ms (compile: 50ms, render: 47ms)
 POST /api/chat/sessions 200 in 1180ms (compile: 8ms, render: 1172ms)
 POST /api/chat/sessions 200 in 2.1s (compile: 3ms, render: 2.1s)
 GET /about 200 in 338ms (compile: 26ms, proxy.ts: 8ms, render: 304ms)
 GET /api/auth/session 200 in 22ms (compile: 13ms, render: 9ms)
 POST /api/chat/sessions 200 in 550ms (compile: 7ms, render: 543ms)
 POST /api/chat/sessions 200 in 1279ms (compile: 4ms, render: 1275ms)
 GET /about 200 in 263ms (compile: 18ms, proxy.ts: 11ms, render: 235ms)
 GET /api/auth/session 200 in 60ms (compile: 19ms, render: 41ms)
 POST /api/chat/sessions 200 in 425ms (compile: 8ms, render: 416ms)
 POST /api/chat/sessions 200 in 1087ms (compile: 3ms, render: 1084ms)
prisma:error Error in PostgreSQL connection: Error { kind: Io, cause: Some(Os { code: 10054, kind: ConnectionReset, message: "远程主机强迫关闭了一个现有的连接。" }) }
prisma:error Error in PostgreSQL connection: Error { kind: Io, cause: Some(Os { code: 10054, kind: ConnectionReset, message: "远程主机强迫关闭了一个现有的连接。" }) }
prisma:error Error in PostgreSQL connection: Error { kind: Io, cause: Some(Os { code: 10054, kind: ConnectionReset, message: "远程主机强迫关闭了一个现有的连接。" }) }
 GET /about 200 in 2.4s (compile: 392ms, proxy.ts: 105ms, render: 1865ms)
 GET /api/auth/session 200 in 1402ms (compile: 193ms, render: 1208ms)
 POST /api/chat/sessions 200 in 4.4s (compile: 133ms, render: 4.2s)
 POST /api/chat/sessions 200 in 5.4s (compile: 264ms, render: 5.1s)
 GET /newpage 200 in 2.7s (compile: 19ms, proxy.ts: 12ms, render: 2.7s)
 GET /newpage 200 in 1681ms (compile: 2ms, proxy.ts: 8ms, render: 1670ms)
 GET /products 200 in 2.0s (compile: 25ms, proxy.ts: 12ms, render: 2.0s)
 GET /api/auth/session 200 in 80ms (compile: 22ms, render: 57ms)
 GET /api/auth/session 200 in 35ms (compile: 2ms, render: 32ms)
 POST /api/chat/sessions 200 in 1089ms (compile: 15ms, render: 1074ms)
○ Compiling /products/[slug] ...
 POST /api/chat/sessions 200 in 1675ms (compile: 9ms, render: 1667ms)
 GET /products/bds-flanged-ear-plugs-orange-25-db-nrr-ansi-certified-slow 200 in 9.3s (compile: 4.8s, proxy.ts: 19ms, render: 4.5s)
 GET /products/bds-flanged-ear-plugs-orange-25-db-nrr-ansi-certified-slow 200 in 3.1s (compile: 13ms, proxy.ts: 7ms, render: 3.1s)
 GET /products/bds-flanged-ear-plugs-orange-25-db-nrr-ansi-certified-slow 200 in 3.2s (compile: 13ms, proxy.ts: 17ms, render: 3.2s)
 GET /about 200 in 382ms (compile: 6ms, proxy.ts: 4ms, render: 372ms)
Error [TimeoutError]: The operation was aborted due to timeout
    at ignore-listed frames {
  code: 23,
  INDEX_SIZE_ERR: 1,
  DOMSTRING_SIZE_ERR: 2,
  HIERARCHY_REQUEST_ERR: 3,
  WRONG_DOCUMENT_ERR: 4,
  INVALID_CHARACTER_ERR: 5,
  NO_DATA_ALLOWED_ERR: 6,
  NO_MODIFICATION_ALLOWED_ERR: 7,
  NOT_FOUND_ERR: 8,
  NOT_SUPPORTED_ERR: 9,
  INUSE_ATTRIBUTE_ERR: 10,
  INVALID_STATE_ERR: 11,
  SYNTAX_ERR: 12,
  INVALID_MODIFICATION_ERR: 13,
  NAMESPACE_ERR: 14,
  INVALID_ACCESS_ERR: 15,
  VALIDATION_ERR: 16,
  TYPE_MISMATCH_ERR: 17,
  SECURITY_ERR: 18,
  NETWORK_ERR: 19,
  ABORT_ERR: 20,
  URL_MISMATCH_ERR: 21,
  QUOTA_EXCEEDED_ERR: 22,
  TIMEOUT_ERR: 23,
  INVALID_NODE_TYPE_ERR: 24,
  DATA_CLONE_ERR: 25
}
Error [TimeoutError]: The operation was aborted due to timeout
    at ignore-listed frames {
  code: 23,
  INDEX_SIZE_ERR: 1,
  DOMSTRING_SIZE_ERR: 2,
  HIERARCHY_REQUEST_ERR: 3,
  WRONG_DOCUMENT_ERR: 4,
  INVALID_CHARACTER_ERR: 5,
  NO_DATA_ALLOWED_ERR: 6,
  NO_MODIFICATION_ALLOWED_ERR: 7,
  NOT_FOUND_ERR: 8,
  NOT_SUPPORTED_ERR: 9,
  INUSE_ATTRIBUTE_ERR: 10,
  INVALID_STATE_ERR: 11,
  SYNTAX_ERR: 12,
  INVALID_MODIFICATION_ERR: 13,
  NAMESPACE_ERR: 14,
  INVALID_ACCESS_ERR: 15,
  VALIDATION_ERR: 16,
  TYPE_MISMATCH_ERR: 17,
  SECURITY_ERR: 18,
  NETWORK_ERR: 19,
  ABORT_ERR: 20,
  URL_MISMATCH_ERR: 21,
  QUOTA_EXCEEDED_ERR: 22,
  TIMEOUT_ERR: 23,
  INVALID_NODE_TYPE_ERR: 24,
  DATA_CLONE_ERR: 25
}
Error [TimeoutError]: The operation was aborted due to timeout
    at ignore-listed frames {
  code: 23,
  INDEX_SIZE_ERR: 1,
  DOMSTRING_SIZE_ERR: 2,
  HIERARCHY_REQUEST_ERR: 3,
  WRONG_DOCUMENT_ERR: 4,
  INVALID_CHARACTER_ERR: 5,
  NO_DATA_ALLOWED_ERR: 6,
  NO_MODIFICATION_ALLOWED_ERR: 7,
  NOT_FOUND_ERR: 8,
  NOT_SUPPORTED_ERR: 9,
  INUSE_ATTRIBUTE_ERR: 10,
  INVALID_STATE_ERR: 11,
  SYNTAX_ERR: 12,
  INVALID_MODIFICATION_ERR: 13,
  NAMESPACE_ERR: 14,
  INVALID_ACCESS_ERR: 15,
  VALIDATION_ERR: 16,
  TYPE_MISMATCH_ERR: 17,
  SECURITY_ERR: 18,
  NETWORK_ERR: 19,
  ABORT_ERR: 20,
  URL_MISMATCH_ERR: 21,
  QUOTA_EXCEEDED_ERR: 22,
  TIMEOUT_ERR: 23,
  INVALID_NODE_TYPE_ERR: 24,
  DATA_CLONE_ERR: 25
}
 GET /_next/image?url=https%3A%2F%2Fshop.laifappe.com%2Fproducts%2F1778397997924-2-h0ksuq.webp&w=3840&q=75 500 in 7.4s (compile: 7.1s, render: 245ms)
 GET /_next/image?url=https%3A%2F%2Fshop.laifappe.com%2Fproducts%2F1778397997924-2-h0ksuq.webp&w=3840&q=75 500 in 7.4s (compile: 7.1s, render: 245ms)
 GET /_next/image?url=https%3A%2F%2Fshop.laifappe.com%2Fproducts%2F1778397998273-3-r9ob3r.webp&w=3840&q=75 500 in 7.4s (compile: 7.3s, render: 95ms)
 GET /_next/image?url=https%3A%2F%2Fshop.laifappe.com%2Fproducts%2F1778397998273-3-r9ob3r.webp&w=3840&q=75 500 in 7.4s (compile: 7.3s, render: 95ms)
 GET /_next/image?url=https%3A%2F%2Fshop.laifappe.com%2Fproducts%2F1778397997644-1-w7sob7.webp&w=3840&q=75 500 in 7.4s (compile: 7.3s, render: 62ms)
 GET /_next/image?url=https%3A%2F%2Fshop.laifappe.com%2Fproducts%2F1778397997644-1-w7sob7.webp&w=3840&q=75 500 in 7.4s (compile: 7.3s, render: 62ms)
⨯ upstream image response failed for https://file3.aitohumanize.com/file/4392f6a3ca1647feb0c7517a4f5e1d8f.png 404
Error [TimeoutError]: The operation was aborted due to timeout
    at ignore-listed frames {
  code: 23,
  INDEX_SIZE_ERR: 1,
  DOMSTRING_SIZE_ERR: 2,
  HIERARCHY_REQUEST_ERR: 3,
  WRONG_DOCUMENT_ERR: 4,
  INVALID_CHARACTER_ERR: 5,
  NO_DATA_ALLOWED_ERR: 6,
  NO_MODIFICATION_ALLOWED_ERR: 7,
  NOT_FOUND_ERR: 8,
  NOT_SUPPORTED_ERR: 9,
  INUSE_ATTRIBUTE_ERR: 10,
  INVALID_STATE_ERR: 11,
  SYNTAX_ERR: 12,
  INVALID_MODIFICATION_ERR: 13,
  NAMESPACE_ERR: 14,
  INVALID_ACCESS_ERR: 15,
  VALIDATION_ERR: 16,
  TYPE_MISMATCH_ERR: 17,
  SECURITY_ERR: 18,
  NETWORK_ERR: 19,
  ABORT_ERR: 20,
  URL_MISMATCH_ERR: 21,
  QUOTA_EXCEEDED_ERR: 22,
  TIMEOUT_ERR: 23,
  INVALID_NODE_TYPE_ERR: 24,
  DATA_CLONE_ERR: 25
}
 GET /_next/image?url=https%3A%2F%2Fshop.laifappe.com%2Fproducts%2F1778398004634-7-3gvc51.webp&w=1200&q=75 500 in 7.1s (compile: 7.1s, render: 15ms)
 GET /_next/image?url=https%3A%2F%2Fshop.laifappe.com%2Fproducts%2F1778398004634-7-3gvc51.webp&w=1200&q=75 500 in 7.1s (compile: 7.1s, render: 15ms)
⨯ upstream image response failed for https://file3.aitohumanize.com/file/4392f6a3ca1647feb0c7517a4f5e1d8f.png 404
 GET /products?page=2 200 in 1269ms (compile: 17ms, proxy.ts: 45ms, render: 1208ms)
 GET /products?page=2 200 in 1464ms (compile: 4ms, proxy.ts: 11ms, render: 1449ms)
 GET / 200 in 3.1s (compile: 37ms, proxy.ts: 9ms, render: 3.1s)
 GET /newpage 200 in 1981ms (compile: 6ms, proxy.ts: 15ms, render: 1960ms)
 GET /about 200 in 137ms (compile: 10ms, proxy.ts: 9ms, render: 118ms)
 GET /api/auth/session 200 in 108ms (compile: 27ms, render: 82ms)
 GET /api/auth/session 200 in 11ms (compile: 2ms, render: 9ms)
 POST /api/chat/sessions 200 in 1944ms (compile: 2ms, render: 1941ms)
 POST /api/chat/sessions 200 in 3.8s (compile: 9ms, render: 3.8s)
 GET /about 200 in 444ms (compile: 3ms, proxy.ts: 4ms, render: 436ms)
 GET /api/auth/session 200 in 168ms (compile: 60ms, render: 108ms)
 GET /about 200 in 686ms (compile: 281ms, proxy.ts: 8ms, render: 397ms)
 GET /api/auth/session 200 in 14ms (compile: 9ms, render: 4ms)
 GET /aboout 404 in 125ms (compile: 11ms, proxy.ts: 15ms, render: 99ms)
 GET /admin 200 in 1881ms (compile: 91ms, proxy.ts: 8ms, render: 1782ms)
✓ Compiled in 240ms
 GET /about 200 in 335ms (compile: 7ms, proxy.ts: 24ms, render: 304ms)
 GET /api/auth/session 200 in 25ms (compile: 14ms, render: 12ms)
 POST /api/chat/sessions 200 in 4.7s (compile: 2ms, render: 4.7s)
prisma:error 
Invalid `tx.chatSession.findFirst()` invocation in
D:\project\b2c-store\.next\dev\server\chunks\[root-of-the-server]__b2c9ec31._.js:254:50

  251 const lockKey = userId ? `chat:user:${userId}` : `chat:visitor:${visitorId}`;
  252 const chatSession = await __TURBOPACK__imported__module__$5b$project$5d2f$b2c$2d$store$2f$src$2f$lib$2f$prisma$2e$ts__$5b$app$2d$route$5d$__$28$ecmascript$29$__["prisma"].$transaction(async (tx)=>{
  253     await tx.$executeRaw`SELECT pg_advisory_xact_lock(hashtext(${lockKey})::bigint)`;
→ 254     let activeSession = await tx.chatSession.findFirst(
Transaction API error: Transaction already closed: A query cannot be executed on an expired transaction. The timeout for this transaction was 5000 ms, however 5132 ms passed since the start of the transaction. Consider increasing the interactive transaction timeout or doing less work in the transaction.
⨯ Error [PrismaClientKnownRequestError]: 
Invalid `tx.chatSession.findFirst()` invocation in
D:\project\b2c-store\.next\dev\server\chunks\[root-of-the-server]__b2c9ec31._.js:254:50

  251 const lockKey = userId ? `chat:user:${userId}` : `chat:visitor:${visitorId}`;
  252 const chatSession = await {imported module ./b2c-store/src/lib/prisma.ts}["prisma"].$transaction(async (tx)=>{
  253     await tx.$executeRaw`SELECT pg_advisory_xact_lock(hashtext(${lockKey})::bigint)`;
→ 254     let activeSession = await tx.chatSession.findFirst(
Transaction API error: Transaction already closed: A query cannot be executed on an expired transaction. The timeout for this transaction was 5000 ms, however 5132 ms passed since the start of the transaction. Consider increasing the interactive transaction timeout or doing less work in the transaction.
    at <unknown> (src\app\api\chat\sessions\route.ts:63:46)
    at async (src\app\api\chat\sessions\route.ts:63:25)
    at async POST (src\app\api\chat\sessions\route.ts:60:23)
  61 |     await tx.$executeRaw`SELECT pg_advisory_xact_lock(hashtext(${lockKey})::bigint)`
  62 |
> 63 |     let activeSession = await tx.chatSession.findFirst({
     |                                              ^
  64 |       where: {
  65 |         status: 'ACTIVE',
  66 |         ...sessionOwnerWhere, {
  code: 'P2028',
  meta: [Object],
  clientVersion: '6.19.1'
}
 POST /api/chat/sessions 500 in 6.4s (compile: 8ms, render: 6.4s)
 GET /about 200 in 255ms (compile: 4ms, proxy.ts: 9ms, render: 242ms)
 GET /api/auth/session 200 in 42ms (compile: 30ms, render: 12ms)
 POST /api/chat/sessions 200 in 2.1s (compile: 5ms, render: 2.1s)
 POST /api/chat/sessions 200 in 3.8s (compile: 9ms, render: 3.8s)
 GET /about 200 in 264ms (compile: 4ms, proxy.ts: 10ms, render: 251ms)
 GET /api/auth/session 200 in 27ms (compile: 14ms, render: 13ms)
 POST /api/chat/sessions 200 in 1286ms (compile: 5ms, render: 1281ms)
 POST /api/chat/sessions 200 in 2.2s (compile: 1928µs, render: 2.2s)
✓ Compiled in 132ms
 GET /about 200 in 897ms (compile: 77ms, proxy.ts: 84ms, render: 737ms)
 GET /api/auth/session 200 in 60ms (compile: 25ms, render: 35ms)
 GET /about 200 in 527ms (compile: 202ms, proxy.ts: 7ms, render: 318ms)
 GET /api/auth/session 200 in 17ms (compile: 12ms, render: 5ms)
✓ Compiled in 1750ms
 GET /admin/quote-emails 200 in 1539ms (compile: 15ms, proxy.ts: 75ms, render: 1449ms)
 GET /admin/quote-emails 200 in 1913ms (compile: 16ms, proxy.ts: 253ms, render: 1643ms)
 GET /admin/quote-emails 200 in 3.6s (compile: 72ms, proxy.ts: 153ms, render: 3.4s)
 GET /admin/quote-emails 200 in 2.7s (compile: 10ms, proxy.ts: 110ms, render: 2.6s)
 GET /admin/quote-emails 200 in 4.1s (compile: 128ms, proxy.ts: 1170ms, render: 2.8s)
 GET /about 200 in 10.1s (compile: 1917ms, proxy.ts: 72ms, render: 8.1s)
 GET /admin/quote-emails 200 in 2.9s (compile: 94ms, proxy.ts: 462ms, render: 2.3s)
 GET /api/auth/session 200 in 58ms (compile: 36ms, render: 23ms)
 GET /admin/quote-emails 200 in 3.0s (compile: 87ms, proxy.ts: 441ms, render: 2.4s)
 GET /admin/quote-emails 200 in 959ms (compile: 7ms, proxy.ts: 719ms, render: 232ms)
 GET /admin/quote-emails 200 in 2.1s (compile: 73ms, proxy.ts: 443ms, render: 1573ms)
 GET /admin/quote-emails 200 in 269ms (compile: 14ms, proxy.ts: 24ms, render: 230ms)
 GET /admin/quote-emails 200 in 329ms (compile: 4ms, proxy.ts: 22ms, render: 304ms)
 GET /admin/quote-emails 200 in 535ms (compile: 4ms, proxy.ts: 44ms, render: 487ms)
 GET /admin/quote-emails 200 in 394ms (compile: 4ms, proxy.ts: 24ms, render: 367ms)
 GET /admin/quote-emails 200 in 298ms (compile: 4ms, proxy.ts: 23ms, render: 272ms)
⨯ The requested resource isn't a valid image for /newpage/xuanchuan/zhanghui02.png received null
 GET /admin/quote-emails 200 in 278ms (compile: 4ms, proxy.ts: 8ms, render: 267ms)
 GET /admin/quote-emails 200 in 429ms (compile: 4ms, proxy.ts: 12ms, render: 413ms)
 GET /admin/quote-emails 200 in 271ms (compile: 4ms, proxy.ts: 8ms, render: 258ms)
 GET /admin/quote-emails 200 in 220ms (compile: 2ms, proxy.ts: 9ms, render: 209ms)
 GET /admin/quote-emails 200 in 173ms (compile: 3ms, proxy.ts: 7ms, render: 163ms)
 GET /admin/quote-emails 200 in 308ms (compile: 3ms, proxy.ts: 20ms, render: 286ms)
 GET /admin/quote-emails 200 in 168ms (compile: 3ms, proxy.ts: 7ms, render: 157ms)
 GET /admin/quote-emails 200 in 1063ms (compile: 14ms, proxy.ts: 19ms, render: 1031ms)
 GET /admin/quote-emails 200 in 1143ms (compile: 3ms, proxy.ts: 48ms, render: 1092ms)
 GET /admin/quote-emails 200 in 231ms (compile: 4ms, proxy.ts: 16ms, render: 211ms)
 GET /admin/quote-emails 200 in 358ms (compile: 4ms, proxy.ts: 8ms, render: 346ms)
 GET /admin/quote-emails 200 in 359ms (compile: 3ms, proxy.ts: 42ms, render: 314ms)
 GET /admin/quote-emails 200 in 288ms (compile: 4ms, proxy.ts: 8ms, render: 276ms)
 GET /admin/quote-emails 200 in 290ms (compile: 3ms, proxy.ts: 17ms, render: 271ms)
 GET /admin/quote-emails 200 in 401ms (compile: 13ms, proxy.ts: 18ms, render: 369ms)
 GET /admin/quote-emails 200 in 216ms (compile: 4ms, proxy.ts: 13ms, render: 200ms)
 GET /admin/quote-emails 200 in 283ms (compile: 3ms, proxy.ts: 17ms, render: 262ms)
 GET /admin/quote-emails 200 in 225ms (compile: 4ms, proxy.ts: 8ms, render: 214ms)
 GET /admin/quote-emails 200 in 242ms (compile: 5ms, proxy.ts: 26ms, render: 211ms)
 GET /admin/quote-emails 200 in 300ms (compile: 3ms, proxy.ts: 17ms, render: 280ms)
 GET /admin/quote-emails 200 in 200ms (compile: 3ms, proxy.ts: 19ms, render: 178ms)
 GET /admin/quote-emails 200 in 231ms (compile: 4ms, proxy.ts: 22ms, render: 204ms)
 GET /admin/quote-emails 200 in 222ms (compile: 5ms, proxy.ts: 31ms, render: 185ms)
 GET /admin/quote-emails 200 in 224ms (compile: 5ms, proxy.ts: 32ms, render: 187ms)
 GET /admin/quote-emails 200 in 246ms (compile: 4ms, proxy.ts: 30ms, render: 212ms)
 GET /admin/quote-emails 200 in 302ms (compile: 3ms, proxy.ts: 46ms, render: 253ms)
 GET /admin/quote-emails 200 in 240ms (compile: 4ms, proxy.ts: 22ms, render: 214ms)
 GET /admin/quote-emails 200 in 2.0s (compile: 3ms, proxy.ts: 28ms, render: 2000ms)
 GET /admin/quote-emails 200 in 270ms (compile: 3ms, proxy.ts: 30ms, render: 236ms)
 GET /admin/quote-emails 200 in 241ms (compile: 3ms, proxy.ts: 28ms, render: 211ms)
 GET /admin/quote-emails 200 in 268ms (compile: 13ms, proxy.ts: 18ms, render: 237ms)
 GET /admin/quote-emails 200 in 363ms (compile: 6ms, proxy.ts: 36ms, render: 321ms)
 GET /admin/quote-emails 200 in 238ms (compile: 5ms, proxy.ts: 19ms, render: 214ms)
 GET /admin/quote-emails 200 in 666ms (compile: 354ms, proxy.ts: 26ms, render: 286ms)
 GET /admin/quote-emails 200 in 261ms (compile: 7ms, proxy.ts: 24ms, render: 230ms)
 GET /admin/quote-emails 200 in 231ms (compile: 4ms, proxy.ts: 33ms, render: 194ms)
 GET /admin/quote-emails 200 in 399ms (compile: 4ms, proxy.ts: 37ms, render: 358ms)
 GET /admin/quote-emails 200 in 277ms (compile: 5ms, proxy.ts: 46ms, render: 226ms)
 GET /admin/quote-emails 200 in 261ms (compile: 3ms, proxy.ts: 20ms, render: 237ms)
 GET /admin/quote-emails 200 in 270ms (compile: 5ms, proxy.ts: 31ms, render: 235ms)
 GET /admin/quote-emails 200 in 323ms (compile: 5ms, proxy.ts: 20ms, render: 298ms)
 GET /admin/quote-emails 200 in 267ms (compile: 4ms, proxy.ts: 34ms, render: 229ms)
 GET /admin/quote-emails 200 in 262ms (compile: 5ms, proxy.ts: 32ms, render: 225ms)
 GET /admin/quote-emails 200 in 256ms (compile: 6ms, proxy.ts: 28ms, render: 222ms)
 GET /admin/quote-emails 200 in 385ms (compile: 4ms, proxy.ts: 22ms, render: 359ms)
 GET /admin/quote-emails 200 in 251ms (compile: 5ms, proxy.ts: 21ms, render: 225ms)
 GET /admin/quote-emails 200 in 321ms (compile: 3ms, proxy.ts: 35ms, render: 282ms)
 GET /admin/quote-emails 200 in 251ms (compile: 15ms, proxy.ts: 25ms, render: 211ms)
 GET /admin/quote-emails 200 in 234ms (compile: 3ms, proxy.ts: 19ms, render: 212ms)
 GET /admin/quote-emails 200 in 239ms (compile: 3ms, proxy.ts: 17ms, render: 219ms)
 GET /admin/quote-emails 200 in 242ms (compile: 3ms, proxy.ts: 43ms, render: 196ms)
 GET /admin/quote-emails 200 in 401ms (compile: 3ms, proxy.ts: 17ms, render: 381ms)
 GET /admin/quote-emails 200 in 265ms (compile: 3ms, proxy.ts: 28ms, render: 235ms)
 GET /admin/quote-emails 200 in 206ms (compile: 4ms, proxy.ts: 20ms, render: 182ms)
 GET /admin/quote-emails 200 in 267ms (compile: 4ms, proxy.ts: 17ms, render: 246ms)
 GET /admin/quote-emails 200 in 248ms (compile: 19ms, proxy.ts: 18ms, render: 210ms)
 GET /admin/quote-emails 200 in 224ms (compile: 4ms, proxy.ts: 36ms, render: 184ms)
 GET /admin/quote-emails 200 in 264ms (compile: 5ms, proxy.ts: 35ms, render: 224ms)
 GET /admin/quote-emails 200 in 347ms (compile: 7ms, proxy.ts: 37ms, render: 304ms)
 GET /admin/quote-emails 200 in 285ms (compile: 7ms, proxy.ts: 32ms, render: 246ms)
 GET /admin/quote-emails 200 in 203ms (compile: 6ms, proxy.ts: 28ms, render: 168ms)
 GET /admin/quote-emails 200 in 207ms (compile: 4ms, proxy.ts: 23ms, render: 180ms)
 GET /admin/quote-emails 200 in 313ms (compile: 5ms, proxy.ts: 70ms, render: 238ms)
 GET /admin/quote-emails 200 in 211ms (compile: 7ms, proxy.ts: 38ms, render: 165ms)
 GET /admin/quote-emails 200 in 199ms (compile: 3ms, proxy.ts: 19ms, render: 177ms)
 GET /admin/quote-emails 200 in 195ms (compile: 3ms, proxy.ts: 21ms, render: 170ms)
 GET /admin/quote-emails 200 in 166ms (compile: 4ms, proxy.ts: 35ms, render: 127ms)
 GET /admin/quote-emails 200 in 297ms (compile: 4ms, proxy.ts: 38ms, render: 255ms)
 GET /admin/quote-emails 200 in 168ms (compile: 6ms, proxy.ts: 32ms, render: 130ms)
 GET /admin/quote-emails 200 in 152ms (compile: 4ms, proxy.ts: 25ms, render: 123ms)
 GET /admin/quote-emails 200 in 312ms (compile: 4ms, proxy.ts: 27ms, render: 281ms)
 GET /admin/quote-emails 200 in 184ms (compile: 5ms, proxy.ts: 34ms, render: 145ms)
 GET /admin/quote-emails 200 in 202ms (compile: 5ms, proxy.ts: 26ms, render: 171ms)
 GET /admin/quote-emails 200 in 316ms (compile: 4ms, proxy.ts: 22ms, render: 290ms)
 GET /admin/quote-emails 200 in 185ms (compile: 3ms, proxy.ts: 19ms, render: 162ms)
 GET /admin/quote-emails 200 in 164ms (compile: 4ms, proxy.ts: 22ms, render: 138ms)
 GET /admin/quote-emails 200 in 239ms (compile: 3ms, proxy.ts: 21ms, render: 215ms)
 GET /admin/quote-emails 200 in 222ms (compile: 4ms, proxy.ts: 26ms, render: 192ms)
 GET /admin/quote-emails 200 in 176ms (compile: 10ms, proxy.ts: 22ms, render: 144ms)
 GET /admin/quote-emails 200 in 294ms (compile: 3ms, proxy.ts: 23ms, render: 268ms)
 GET /admin/quote-emails 200 in 169ms (compile: 3ms, proxy.ts: 20ms, render: 146ms)
 GET /admin/quote-emails 200 in 282ms (compile: 4ms, proxy.ts: 17ms, render: 261ms)
 GET /admin/quote-emails 200 in 182ms (compile: 3ms, proxy.ts: 32ms, render: 147ms)
 GET /admin/quote-emails 200 in 303ms (compile: 4ms, proxy.ts: 35ms, render: 265ms)
 GET /admin/quote-emails 200 in 141ms (compile: 3ms, proxy.ts: 19ms, render: 119ms)
 GET /admin/quote-emails 200 in 294ms (compile: 4ms, proxy.ts: 27ms, render: 263ms)
 GET /admin/quote-emails 200 in 189ms (compile: 4ms, proxy.ts: 30ms, render: 155ms)
 GET /admin/quote-emails 200 in 239ms (compile: 3ms, proxy.ts: 18ms, render: 219ms)
 GET /admin/quote-emails 200 in 211ms (compile: 4ms, proxy.ts: 30ms, render: 178ms)
 GET /admin/quote-emails 200 in 266ms (compile: 3ms, proxy.ts: 23ms, render: 240ms)
 GET /admin/quote-emails 200 in 399ms (compile: 4ms, proxy.ts: 32ms, render: 363ms)
 GET /admin/quote-emails 200 in 336ms (compile: 14ms, proxy.ts: 20ms, render: 303ms)
 GET /admin/quote-emails 200 in 349ms (compile: 4ms, proxy.ts: 21ms, render: 324ms)
 GET /admin/quote-emails 200 in 348ms (compile: 9ms, proxy.ts: 32ms, render: 307ms)
 GET /admin/quote-emails 200 in 319ms (compile: 4ms, proxy.ts: 62ms, render: 252ms)
 GET /admin/quote-emails 200 in 280ms (compile: 3ms, proxy.ts: 23ms, render: 254ms)
 GET /admin/quote-emails 200 in 409ms (compile: 4ms, proxy.ts: 32ms, render: 372ms)
 GET /admin/quote-emails 200 in 201ms (compile: 3ms, proxy.ts: 24ms, render: 173ms)
 GET /admin/quote-emails 200 in 208ms (compile: 4ms, proxy.ts: 39ms, render: 166ms)
 GET /admin/quote-emails 200 in 209ms (compile: 3ms, proxy.ts: 28ms, render: 178ms)
 GET /admin/quote-emails 200 in 418ms (compile: 3ms, proxy.ts: 20ms, render: 394ms)
 GET /admin/quote-emails 200 in 168ms (compile: 15ms, proxy.ts: 25ms, render: 128ms)
 GET /admin/quote-emails 200 in 232ms (compile: 4ms, proxy.ts: 20ms, render: 208ms)
 GET /admin/quote-emails 200 in 187ms (compile: 5ms, proxy.ts: 25ms, render: 158ms)
 GET /admin/quote-emails 200 in 219ms (compile: 3ms, proxy.ts: 23ms, render: 193ms)
 GET /admin/quote-emails 200 in 208ms (compile: 4ms, proxy.ts: 42ms, render: 162ms)
 GET /admin/quote-emails 200 in 193ms (compile: 3ms, proxy.ts: 28ms, render: 161ms)
 GET /admin/quote-emails 200 in 354ms (compile: 3ms, proxy.ts: 23ms, render: 327ms)
 GET /admin/quote-emails 200 in 291ms (compile: 3ms, proxy.ts: 21ms, render: 267ms)
 GET /admin/quote-emails 200 in 313ms (compile: 3ms, proxy.ts: 32ms, render: 277ms)
 GET /admin/quote-emails 200 in 186ms (compile: 3ms, proxy.ts: 22ms, render: 162ms)
 GET /admin/quote-emails 200 in 374ms (compile: 3ms, proxy.ts: 28ms, render: 342ms)
 GET /admin/quote-emails 200 in 193ms (compile: 3ms, proxy.ts: 16ms, render: 174ms)
 GET /admin/quote-emails 200 in 174ms (compile: 3ms, proxy.ts: 32ms, render: 139ms)
 GET /admin/quote-emails 200 in 385ms (compile: 3ms, proxy.ts: 18ms, render: 364ms)
 GET /admin/quote-emails 200 in 167ms (compile: 4ms, proxy.ts: 32ms, render: 131ms)
 GET /admin/quote-emails 200 in 232ms (compile: 5ms, proxy.ts: 43ms, render: 185ms)
 GET /admin/quote-emails 200 in 305ms (compile: 4ms, proxy.ts: 22ms, render: 279ms)
 GET /admin/quote-emails 200 in 443ms (compile: 3ms, proxy.ts: 29ms, render: 411ms)
 GET /admin/quote-emails 200 in 232ms (compile: 5ms, proxy.ts: 39ms, render: 188ms)
 GET /admin/quote-emails 200 in 171ms (compile: 5ms, proxy.ts: 24ms, render: 143ms)
 GET /admin/quote-emails 200 in 418ms (compile: 4ms, proxy.ts: 30ms, render: 384ms)
 GET /admin/quote-emails 200 in 206ms (compile: 4ms, proxy.ts: 22ms, render: 180ms)
 GET /admin/quote-emails 200 in 213ms (compile: 4ms, proxy.ts: 27ms, render: 182ms)
 GET /admin/quote-emails 200 in 368ms (compile: 173ms, proxy.ts: 26ms, render: 168ms)
 GET /admin/quote-emails 200 in 461ms (compile: 4ms, proxy.ts: 64ms, render: 394ms)
 GET /admin/quote-emails 200 in 195ms (compile: 4ms, proxy.ts: 30ms, render: 162ms)
 GET /admin/quote-emails 200 in 187ms (compile: 3ms, proxy.ts: 18ms, render: 166ms)
 GET /admin/quote-emails 200 in 147ms (compile: 3ms, proxy.ts: 23ms, render: 121ms)
 GET /admin/quote-emails 200 in 165ms (compile: 3ms, proxy.ts: 19ms, render: 143ms)
 GET /admin/quote-emails 200 in 264ms (compile: 4ms, proxy.ts: 32ms, render: 229ms)
 GET /admin/quote-emails 200 in 213ms (compile: 5ms, proxy.ts: 46ms, render: 161ms)
 GET /admin/quote-emails 200 in 317ms (compile: 5ms, proxy.ts: 25ms, render: 287ms)
 GET /admin/quote-emails 200 in 240ms (compile: 4ms, proxy.ts: 32ms, render: 203ms)
 GET /admin/quote-emails 200 in 191ms (compile: 4ms, proxy.ts: 33ms, render: 155ms)
 GET /admin/quote-emails 200 in 183ms (compile: 4ms, proxy.ts: 40ms, render: 139ms)
 GET /admin/quote-emails 200 in 399ms (compile: 4ms, proxy.ts: 26ms, render: 369ms)
 GET /admin/quote-emails 200 in 194ms (compile: 5ms, proxy.ts: 35ms, render: 154ms)
 GET /admin/quote-emails 200 in 188ms (compile: 4ms, proxy.ts: 25ms, render: 160ms)
 GET /admin/quote-emails 200 in 185ms (compile: 4ms, proxy.ts: 37ms, render: 145ms)
 GET /admin/quote-emails 200 in 191ms (compile: 4ms, proxy.ts: 37ms, render: 151ms)
 GET /admin/quote-emails 200 in 195ms (compile: 5ms, proxy.ts: 37ms, render: 154ms)
 GET /admin/quote-emails 200 in 180ms (compile: 12ms, proxy.ts: 27ms, render: 141ms)
 GET /admin/quote-emails 200 in 183ms (compile: 6ms, proxy.ts: 28ms, render: 150ms)
 GET /admin/quote-emails 200 in 182ms (compile: 5ms, proxy.ts: 31ms, render: 145ms)
 GET /admin/quote-emails 200 in 200ms (compile: 4ms, proxy.ts: 36ms, render: 160ms)
 GET /admin/quote-emails 200 in 194ms (compile: 5ms, proxy.ts: 38ms, render: 151ms)
 GET /admin/quote-emails 200 in 199ms (compile: 7ms, proxy.ts: 43ms, render: 149ms)
 GET /admin/quote-emails 200 in 199ms (compile: 5ms, proxy.ts: 27ms, render: 167ms)
 GET /admin/quote-emails 200 in 230ms (compile: 4ms, proxy.ts: 32ms, render: 193ms)
 GET /admin/quote-emails 200 in 237ms (compile: 7ms, proxy.ts: 30ms, render: 200ms)
 GET /admin/quote-emails 200 in 276ms (compile: 4ms, proxy.ts: 23ms, render: 250ms)
 GET /admin/quote-emails 200 in 353ms (compile: 4ms, proxy.ts: 35ms, render: 314ms)
 GET /admin/quote-emails 200 in 500ms (compile: 4ms, proxy.ts: 34ms, render: 462ms)
 GET /admin/quote-emails 200 in 187ms (compile: 4ms, proxy.ts: 33ms, render: 150ms)
 GET /admin/quote-emails 200 in 272ms (compile: 4ms, proxy.ts: 43ms, render: 225ms)
 GET /admin/quote-emails 200 in 437ms (compile: 4ms, proxy.ts: 40ms, render: 392ms)
 GET /admin/quote-emails 200 in 226ms (compile: 4ms, proxy.ts: 27ms, render: 195ms)
 GET /admin/quote-emails 200 in 652ms (compile: 3ms, proxy.ts: 27ms, render: 622ms)
 GET /admin/quote-emails 200 in 472ms (compile: 5ms, proxy.ts: 35ms, render: 432ms)
 GET /admin/quote-emails 200 in 391ms (compile: 6ms, proxy.ts: 27ms, render: 359ms)
 GET /admin/quote-emails 200 in 404ms (compile: 5ms, proxy.ts: 32ms, render: 367ms)
 GET /admin/quote-emails 200 in 249ms (compile: 4ms, proxy.ts: 23ms, render: 222ms)
 GET /admin/quote-emails 200 in 578ms (compile: 4ms, proxy.ts: 60ms, render: 514ms)
 GET /admin/quote-emails 200 in 469ms (compile: 6ms, proxy.ts: 36ms, render: 428ms)
 GET /admin/quote-emails 200 in 320ms (compile: 4ms, proxy.ts: 26ms, render: 290ms)
 GET /admin/quote-emails 200 in 308ms (compile: 6ms, proxy.ts: 44ms, render: 259ms)
 GET /admin/quote-emails 200 in 219ms (compile: 12ms, proxy.ts: 25ms, render: 182ms)
 GET /admin/quote-emails 200 in 377ms (compile: 4ms, proxy.ts: 32ms, render: 341ms)
 GET /admin/quote-emails 200 in 204ms (compile: 5ms, proxy.ts: 24ms, render: 176ms)
 GET /admin/quote-emails 200 in 525ms (compile: 3ms, proxy.ts: 32ms, render: 490ms)
 GET /admin/quote-emails 200 in 658ms (compile: 4ms, proxy.ts: 30ms, render: 625ms)
 GET /admin/quote-emails 200 in 526ms (compile: 4ms, proxy.ts: 30ms, render: 492ms)
 GET /admin/quote-emails 200 in 931ms (compile: 110ms, proxy.ts: 77ms, render: 744ms)
 GET /admin/quote-emails 200 in 211ms (compile: 11ms, proxy.ts: 34ms, render: 166ms)
 GET /admin/quote-emails 200 in 807ms (compile: 5ms, proxy.ts: 79ms, render: 723ms)
 GET /admin/quote-emails 200 in 150ms (compile: 4ms, proxy.ts: 38ms, render: 108ms)
 GET /admin/quote-emails 200 in 840ms (compile: 4ms, proxy.ts: 425ms, render: 410ms)
 GET /admin/quote-emails 200 in 448ms (compile: 3ms, proxy.ts: 19ms, render: 426ms)
 GET /admin/quote-emails 200 in 578ms (compile: 3ms, proxy.ts: 19ms, render: 556ms)
✓ Compiled in 219ms
 GET /admin/quote-emails 200 in 236ms (compile: 3ms, proxy.ts: 8ms, render: 224ms)
 GET /about 200 in 1634ms (compile: 421ms, proxy.ts: 47ms, render: 1166ms)
 GET /api/auth/session 200 in 25ms (compile: 11ms, render: 15ms)
 POST /api/chat/sessions 200 in 2.1s (compile: 4ms, render: 2.1s)
 POST /api/chat/sessions 200 in 4.4s (compile: 11ms, render: 4.4s)
 GET /about 200 in 522ms (compile: 21ms, proxy.ts: 25ms, render: 475ms)
 GET /api/auth/session 200 in 194ms (compile: 153ms, render: 41ms)
 POST /api/chat/sessions 200 in 1555ms (compile: 19ms, render: 1536ms)
 POST /api/chat/sessions 200 in 2.5s (compile: 5ms, render: 2.5s)
 GET /about 200 in 557ms (compile: 16ms, proxy.ts: 10ms, render: 531ms)
 GET /api/auth/session 200 in 65ms (compile: 40ms, render: 25ms)
 POST /api/chat/sessions 200 in 572ms (compile: 12ms, render: 560ms)
 POST /api/chat/sessions 200 in 1620ms (compile: 4ms, render: 1616ms)
 GET /about 200 in 359ms (compile: 3ms, proxy.ts: 7ms, render: 349ms)
 GET /api/auth/session 200 in 30ms (compile: 16ms, render: 14ms)
 GET /about 200 in 283ms (compile: 2ms, proxy.ts: 4ms, render: 277ms)
 GET /api/auth/session 200 in 15ms (compile: 10ms, render: 5ms)
 GET /about 200 in 1295ms (compile: 465ms, proxy.ts: 17ms, render: 813ms)
 GET /admin/quote-emails 200 in 754ms (compile: 10ms, proxy.ts: 34ms, render: 710ms)
 GET / 200 in 813ms (compile: 537ms, proxy.ts: 7ms, render: 270ms)
 GET / 200 in 800ms (compile: 4ms, proxy.ts: 5ms, render: 792ms)
 GET /about 200 in 1501ms (compile: 38ms, proxy.ts: 76ms, render: 1387ms)
 GET /api/auth/session 200 in 74ms (compile: 45ms, render: 28ms)
 GET / 200 in 1879ms (compile: 8ms, proxy.ts: 45ms, render: 1826ms)
 GET /products 200 in 1072ms (compile: 11ms, proxy.ts: 31ms, render: 1030ms)
 GET /api/auth/session 200 in 80ms (compile: 22ms, render: 58ms)
 GET /api/auth/session 200 in 25ms (compile: 4ms, render: 21ms)
 POST /api/chat/sessions 200 in 1192ms (compile: 32ms, render: 1160ms)
 POST /api/chat/sessions 200 in 1663ms (compile: 6ms, render: 1656ms)
 GET /solutions 200 in 4.0s (compile: 18ms, proxy.ts: 35ms, render: 4.0s)
Error [TimeoutError]: The operation was aborted due to timeout
    at ignore-listed frames {
  code: 23,
  INDEX_SIZE_ERR: 1,
  DOMSTRING_SIZE_ERR: 2,
  HIERARCHY_REQUEST_ERR: 3,
  WRONG_DOCUMENT_ERR: 4,
  INVALID_CHARACTER_ERR: 5,
  NO_DATA_ALLOWED_ERR: 6,
  NO_MODIFICATION_ALLOWED_ERR: 7,
  NOT_FOUND_ERR: 8,
  NOT_SUPPORTED_ERR: 9,
  INUSE_ATTRIBUTE_ERR: 10,
  INVALID_STATE_ERR: 11,
  SYNTAX_ERR: 12,
  INVALID_MODIFICATION_ERR: 13,
  NAMESPACE_ERR: 14,
  INVALID_ACCESS_ERR: 15,
  VALIDATION_ERR: 16,
  TYPE_MISMATCH_ERR: 17,
  SECURITY_ERR: 18,
  NETWORK_ERR: 19,
  ABORT_ERR: 20,
  URL_MISMATCH_ERR: 21,
  QUOTA_EXCEEDED_ERR: 22,
  TIMEOUT_ERR: 23,
  INVALID_NODE_TYPE_ERR: 24,
  DATA_CLONE_ERR: 25
}
 GET /products 200 in 4.2s (compile: 10ms, proxy.ts: 12ms, render: 4.1s)
 GET /api/auth/session 200 in 528ms (compile: 70ms, render: 458ms)
 GET /api/auth/session 200 in 446ms (compile: 85ms, render: 361ms)
 POST /api/chat/sessions 200 in 2.1s (compile: 89ms, render: 2.0s)
 POST /api/chat/sessions 200 in 3.9s (compile: 33ms, render: 3.8s)
 GET /about 200 in 243ms (compile: 24ms, proxy.ts: 13ms, render: 206ms)
⨯ ./b2c-store/src/app/(store)/layout.tsx:3:1
Export NewHomeFooter doesn't exist in target module
[0m [90m 1 |[39m [36mimport[39m { [33mOrganizationJsonLd[39m } [36mfrom[39m [32m"@/components/seo"[39m
 [90m 2 |[39m [36mimport[39m { getSiteUrl } [36mfrom[39m [32m"@/lib/site-url"[39m
[31m[1m>[22m[39m[90m 3 |[39m [36mimport[39m { [33mNewHomeFooter[39m[33m,[39m [33mNewHomeNav[39m[33m,[39m [33mNewHomeShell[39m[33m,[39m [33mNewHomeTopBar[39m } [36mfrom[39m [32m"@/modules/home-new"[39m
 [90m   |[39m [31m[1m^[22m[39m[31m[1m^[22m[39m[31m[1m^[22m[39m[31m[1m^[22m[39m[31m[1m^[22m[39m[31m[1m^[22m[39m[31m[1m^[22m[39m[31m[1m^[22m[39m[31m[1m^[22m[39m[31m[1m^[22m[39m[31m[1m^[22m[39m[31m[1m^[22m[39m[31m[1m^[22m[39m[31m[1m^[22m[39m[31m[1m^[22m[39m[31m[1m^[22m[39m[31m[1m^[22m[39m[31m[1m^[22m[39m[31m[1m^[22m[39m[31m[1m^[22m[39m[31m[1m^[22m[39m[31m[1m^[22m[39m[31m[1m^[22m[39m[31m[1m^[22m[39m[31m[1m^[22m[39m[31m[1m^[22m[39m[31m[1m^[22m[39m[31m[1m^[22m[39m[31m[1m^[22m[39m[31m[1m^[22m[39m[31m[1m^[22m[39m[31m[1m^[22m[39m[31m[1m^[22m[39m[31m[1m^[22m[39m[31m[1m^[22m[39m[31m[1m^[22m[39m[31m[1m^[22m[39m[31m[1m^[22m[39m[31m[1m^[22m[39m[31m[1m^[22m[39m[31m[1m^[22m[39m[31m[1m^[22m[39m[31m[1m^[22m[39m[31m[1m^[22m[39m[31m[1m^[22m[39m[31m[1m^[22m[39m[31m[1m^[22m[39m[31m[1m^[22m[39m[31m[1m^[22m[39m[31m[1m^[22m[39m[31m[1m^[22m[39m[31m[1m^[22m[39m[31m[1m^[22m[39m[31m[1m^[22m[39m[31m[1m^[22m[39m[31m[1m^[22m[39m[31m[1m^[22m[39m[31m[1m^[22m[39m[31m[1m^[22m[39m[31m[1m^[22m[39m[31m[1m^[22m[39m[31m[1m^[22m[39m[31m[1m^[22m[39m[31m[1m^[22m[39m[31m[1m^[22m[39m[31m[1m^[22m[39m[31m[1m^[22m[39m[31m[1m^[22m[39m[31m[1m^[22m[39m[31m[1m^[22m[39m[31m[1m^[22m[39m[31m[1m^[22m[39m[31m[1m^[22m[39m[31m[1m^[22m[39m[31m[1m^[22m[39m[31m[1m^[22m[39m[31m[1m^[22m[39m[31m[1m^[22m[39m[31m[1m^[22m[39m[31m[1m^[22m[39m[31m[1m^[22m[39m[31m[1m^[22m[39m[31m[1m^[22m[39m[31m[1m^[22m[39m[31m[1m^[22m[39m[31m[1m^[22m[39m[31m[1m^[22m[39m[31m[1m^[22m[39m[31m[1m^[22m[39m[31m[1m^[22m[39m[31m[1m^[22m[39m
 [90m 4 |[39m
 [90m 5 |[39m [36mexport[39m [36mdefault[39m [36masync[39m [36mfunction[39m [33mStoreLayout[39m({
 [90m 6 |[39m   children[33m,[39m[0m

The export NewHomeFooter was not found in module [project]/b2c-store/src/modules/home-new/index.ts [app-rsc] (ecmascript).
Did you mean to import NewHomePage?
All exports of the module are statically known (It doesn't have dynamic exports). So it's known statically that the requested export doesn't exist.



./b2c-store/src/app/(store)/layout.tsx:3:1
Export NewHomeNav doesn't exist in target module
[0m [90m 1 |[39m [36mimport[39m { [33mOrganizationJsonLd[39m } [36mfrom[39m [32m"@/components/seo"[39m
 [90m 2 |[39m [36mimport[39m { getSiteUrl } [36mfrom[39m [32m"@/lib/site-url"[39m
[31m[1m>[22m[39m[90m 3 |[39m [36mimport[39m { [33mNewHomeFooter[39m[33m,[39m [33mNewHomeNav[39m[33m,[39m [33mNewHomeShell[39m[33m,[39m [33mNewHomeTopBar[39m } [36mfrom[39m [32m"@/modules/home-new"[39m
 [90m   |[39m [31m[1m^[22m[39m[31m[1m^[22m[39m[31m[1m^[22m[39m[31m[1m^[22m[39m[31m[1m^[22m[39m[31m[1m^[22m[39m[31m[1m^[22m[39m[31m[1m^[22m[39m[31m[1m^[22m[39m[31m[1m^[22m[39m[31m[1m^[22m[39m[31m[1m^[22m[39m[31m[1m^[22m[39m[31m[1m^[22m[39m[31m[1m^[22m[39m[31m[1m^[22m[39m[31m[1m^[22m[39m[31m[1m^[22m[39m[31m[1m^[22m[39m[31m[1m^[22m[39m[31m[1m^[22m[39m[31m[1m^[22m[39m[31m[1m^[22m[39m[31m[1m^[22m[39m[31m[1m^[22m[39m[31m[1m^[22m[39m[31m[1m^[22m[39m[31m[1m^[22m[39m[31m[1m^[22m[39m[31m[1m^[22m[39m[31m[1m^[22m[39m[31m[1m^[22m[39m[31m[1m^[22m[39m[31m[1m^[22m[39m[31m[1m^[22m[39m[31m[1m^[22m[39m[31m[1m^[22m[39m[31m[1m^[22m[39m[31m[1m^[22m[39m[31m[1m^[22m[39m[31m[1m^[22m[39m[31m[1m^[22m[39m[31m[1m^[22m[39m[31m[1m^[22m[39m[31m[1m^[22m[39m[31m[1m^[22m[39m[31m[1m^[22m[39m[31m[1m^[22m[39m[31m[1m^[22m[39m[31m[1m^[22m[39m[31m[1m^[22m[39m[31m[1m^[22m[39m[31m[1m^[22m[39m[31m[1m^[22m[39m[31m[1m^[22m[39m[31m[1m^[22m[39m[31m[1m^[22m[39m[31m[1m^[22m[39m[31m[1m^[22m[39m[31m[1m^[22m[39m[31m[1m^[22m[39m[31m[1m^[22m[39m[31m[1m^[22m[39m[31m[1m^[22m[39m[31m[1m^[22m[39m[31m[1m^[22m[39m[31m[1m^[22m[39m[31m[1m^[22m[39m[31m[1m^[22m[39m[31m[1m^[22m[39m[31m[1m^[22m[39m[31m[1m^[22m[39m[31m[1m^[22m[39m[31m[1m^[22m[39m[31m[1m^[22m[39m[31m[1m^[22m[39m[31m[1m^[22m[39m[31m[1m^[22m[39m[31m[1m^[22m[39m[31m[1m^[22m[39m[31m[1m^[22m[39m[31m[1m^[22m[39m[31m[1m^[22m[39m[31m[1m^[22m[39m[31m[1m^[22m[39m[31m[1m^[22m[39m[31m[1m^[22m[39m[31m[1m^[22m[39m[31m[1m^[22m[39m[31m[1m^[22m[39m[31m[1m^[22m[39m
 [90m 4 |[39m
 [90m 5 |[39m [36mexport[39m [36mdefault[39m [36masync[39m [36mfunction[39m [33mStoreLayout[39m({
 [90m 6 |[39m   children[33m,[39m[0m

The export NewHomeNav was not found in module [project]/b2c-store/src/modules/home-new/index.ts [app-rsc] (ecmascript).
Did you mean to import NewHomePage?
All exports of the module are statically known (It doesn't have dynamic exports). So it's known statically that the requested export doesn't exist.



./b2c-store/src/app/(store)/layout.tsx:3:1
Export NewHomeShell doesn't exist in target module
[0m [90m 1 |[39m [36mimport[39m { [33mOrganizationJsonLd[39m } [36mfrom[39m [32m"@/components/seo"[39m
 [90m 2 |[39m [36mimport[39m { getSiteUrl } [36mfrom[39m [32m"@/lib/site-url"[39m
[31m[1m>[22m[39m[90m 3 |[39m [36mimport[39m { [33mNewHomeFooter[39m[33m,[39m [33mNewHomeNav[39m[33m,[39m [33mNewHomeShell[39m[33m,[39m [33mNewHomeTopBar[39m } [36mfrom[39m [32m"@/modules/home-new"[39m
 [90m   |[39m [31m[1m^[22m[39m[31m[1m^[22m[39m[31m[1m^[22m[39m[31m[1m^[22m[39m[31m[1m^[22m[39m[31m[1m^[22m[39m[31m[1m^[22m[39m[31m[1m^[22m[39m[31m[1m^[22m[39m[31m[1m^[22m[39m[31m[1m^[22m[39m[31m[1m^[22m[39m[31m[1m^[22m[39m[31m[1m^[22m[39m[31m[1m^[22m[39m[31m[1m^[22m[39m[31m[1m^[22m[39m[31m[1m^[22m[39m[31m[1m^[22m[39m[31m[1m^[22m[39m[31m[1m^[22m[39m[31m[1m^[22m[39m[31m[1m^[22m[39m[31m[1m^[22m[39m[31m[1m^[22m[39m[31m[1m^[22m[39m[31m[1m^[22m[39m[31m[1m^[22m[39m[31m[1m^[22m[39m[31m[1m^[22m[39m[31m[1m^[22m[39m[31m[1m^[22m[39m[31m[1m^[22m[39m[31m[1m^[22m[39m[31m[1m^[22m[39m[31m[1m^[22m[39m[31m[1m^[22m[39m[31m[1m^[22m[39m[31m[1m^[22m[39m[31m[1m^[22m[39m[31m[1m^[22m[39m[31m[1m^[22m[39m[31m[1m^[22m[39m[31m[1m^[22m[39m[31m[1m^[22m[39m[31m[1m^[22m[39m[31m[1m^[22m[39m[31m[1m^[22m[39m[31m[1m^[22m[39m[31m[1m^[22m[39m[31m[1m^[22m[39m[31m[1m^[22m[39m[31m[1m^[22m[39m[31m[1m^[22m[39m[31m[1m^[22m[39m[31m[1m^[22m[39m[31m[1m^[22m[39m[31m[1m^[22m[39m[31m[1m^[22m[39m[31m[1m^[22m[39m[31m[1m^[22m[39m[31m[1m^[22m[39m[31m[1m^[22m[39m[31m[1m^[22m[39m[31m[1m^[22m[39m[31m[1m^[22m[39m[31m[1m^[22m[39m[31m[1m^[22m[39m[31m[1m^[22m[39m[31m[1m^[22m[39m[31m[1m^[22m[39m[31m[1m^[22m[39m[31m[1m^[22m[39m[31m[1m^[22m[39m[31m[1m^[22m[39m[31m[1m^[22m[39m[31m[1m^[22m[39m[31m[1m^[22m[39m[31m[1m^[22m[39m[31m[1m^[22m[39m[31m[1m^[22m[39m[31m[1m^[22m[39m[31m[1m^[22m[39m[31m[1m^[22m[39m[31m[1m^[22m[39m[31m[1m^[22m[39m[31m[1m^[22m[39m[31m[1m^[22m[39m[31m[1m^[22m[39m[31m[1m^[22m[39m[31m[1m^[22m[39m
 [90m 4 |[39m
 [90m 5 |[39m [36mexport[39m [36mdefault[39m [36masync[39m [36mfunction[39m [33mStoreLayout[39m({
 [90m 6 |[39m   children[33m,[39m[0m

The export NewHomeShell was not found in module [project]/b2c-store/src/modules/home-new/index.ts [app-rsc] (ecmascript).
Did you mean to import NewHomePage?
All exports of the module are statically known (It doesn't have dynamic exports). So it's known statically that the requested export doesn't exist.



./b2c-store/src/app/(store)/layout.tsx:3:1
Export NewHomeTopBar doesn't exist in target module
[0m [90m 1 |[39m [36mimport[39m { [33mOrganizationJsonLd[39m } [36mfrom[39m [32m"@/components/seo"[39m
 [90m 2 |[39m [36mimport[39m { getSiteUrl } [36mfrom[39m [32m"@/lib/site-url"[39m
[31m[1m>[22m[39m[90m 3 |[39m [36mimport[39m { [33mNewHomeFooter[39m[33m,[39m [33mNewHomeNav[39m[33m,[39m [33mNewHomeShell[39m[33m,[39m [33mNewHomeTopBar[39m } [36mfrom[39m [32m"@/modules/home-new"[39m
 [90m   |[39m [31m[1m^[22m[39m[31m[1m^[22m[39m[31m[1m^[22m[39m[31m[1m^[22m[39m[31m[1m^[22m[39m[31m[1m^[22m[39m[31m[1m^[22m[39m[31m[1m^[22m[39m[31m[1m^[22m[39m[31m[1m^[22m[39m[31m[1m^[22m[39m[31m[1m^[22m[39m[31m[1m^[22m[39m[31m[1m^[22m[39m[31m[1m^[22m[39m[31m[1m^[22m[39m[31m[1m^[22m[39m[31m[1m^[22m[39m[31m[1m^[22m[39m[31m[1m^[22m[39m[31m[1m^[22m[39m[31m[1m^[22m[39m[31m[1m^[22m[39m[31m[1m^[22m[39m[31m[1m^[22m[39m[31m[1m^[22m[39m[31m[1m^[22m[39m[31m[1m^[22m[39m[31m[1m^[22m[39m[31m[1m^[22m[39m[31m[1m^[22m[39m[31m[1m^[22m[39m[31m[1m^[22m[39m[31m[1m^[22m[39m[31m[1m^[22m[39m[31m[1m^[22m[39m[31m[1m^[22m[39m[31m[1m^[22m[39m[31m[1m^[22m[39m[31m[1m^[22m[39m[31m[1m^[22m[39m[31m[1m^[22m[39m[31m[1m^[22m[39m[31m[1m^[22m[39m[31m[1m^[22m[39m[31m[1m^[22m[39m[31m[1m^[22m[39m[31m[1m^[22m[39m[31m[1m^[22m[39m[31m[1m^[22m[39m[31m[1m^[22m[39m[31m[1m^[22m[39m[31m[1m^[22m[39m[31m[1m^[22m[39m[31m[1m^[22m[39m[31m[1m^[22m[39m[31m[1m^[22m[39m[31m[1m^[22m[39m[31m[1m^[22m[39m[31m[1m^[22m[39m[31m[1m^[22m[39m[31m[1m^[22m[39m[31m[1m^[22m[39m[31m[1m^[22m[39m[31m[1m^[22m[39m[31m[1m^[22m[39m[31m[1m^[22m[39m[31m[1m^[22m[39m[31m[1m^[22m[39m[31m[1m^[22m[39m[31m[1m^[22m[39m[31m[1m^[22m[39m[31m[1m^[22m[39m[31m[1m^[22m[39m[31m[1m^[22m[39m[31m[1m^[22m[39m[31m[1m^[22m[39m[31m[1m^[22m[39m[31m[1m^[22m[39m[31m[1m^[22m[39m[31m[1m^[22m[39m[31m[1m^[22m[39m[31m[1m^[22m[39m[31m[1m^[22m[39m[31m[1m^[22m[39m[31m[1m^[22m[39m[31m[1m^[22m[39m[31m[1m^[22m[39m[31m[1m^[22m[39m[31m[1m^[22m[39m[31m[1m^[22m[39m
 [90m 4 |[39m
 [90m 5 |[39m [36mexport[39m [36mdefault[39m [36masync[39m [36mfunction[39m [33mStoreLayout[39m({
 [90m 6 |[39m   children[33m,[39m[0m

The export NewHomeTopBar was not found in module [project]/b2c-store/src/modules/home-new/index.ts [app-rsc] (ecmascript).
Did you mean to import NewHomePage?
All exports of the module are statically known (It doesn't have dynamic exports). So it's known statically that the requested export doesn't exist.


 GET /about 500 in 914ms (compile: 839ms, proxy.ts: 41ms, render: 34ms)
⨯ ./b2c-store/src/app/(store)/layout.tsx:3:1
Export NewHomeFooter doesn't exist in target module
[0m [90m 1 |[39m [36mimport[39m { [33mOrganizationJsonLd[39m } [36mfrom[39m [32m"@/components/seo"[39m
 [90m 2 |[39m [36mimport[39m { getSiteUrl } [36mfrom[39m [32m"@/lib/site-url"[39m
[31m[1m>[22m[39m[90m 3 |[39m [36mimport[39m { [33mNewHomeFooter[39m[33m,[39m [33mNewHomeNav[39m[33m,[39m [33mNewHomeShell[39m[33m,[39m [33mNewHomeTopBar[39m } [36mfrom[39m [32m"@/modules/home-new"[39m
 [90m   |[39m [31m[1m^[22m[39m[31m[1m^[22m[39m[31m[1m^[22m[39m[31m[1m^[22m[39m[31m[1m^[22m[39m[31m[1m^[22m[39m[31m[1m^[22m[39m[31m[1m^[22m[39m[31m[1m^[22m[39m[31m[1m^[22m[39m[31m[1m^[22m[39m[31m[1m^[22m[39m[31m[1m^[22m[39m[31m[1m^[22m[39m[31m[1m^[22m[39m[31m[1m^[22m[39m[31m[1m^[22m[39m[31m[1m^[22m[39m[31m[1m^[22m[39m[31m[1m^[22m[39m[31m[1m^[22m[39m[31m[1m^[22m[39m[31m[1m^[22m[39m[31m[1m^[22m[39m[31m[1m^[22m[39m[31m[1m^[22m[39m[31m[1m^[22m[39m[31m[1m^[22m[39m[31m[1m^[22m[39m[31m[1m^[22m[39m[31m[1m^[22m[39m[31m[1m^[22m[39m[31m[1m^[22m[39m[31m[1m^[22m[39m[31m[1m^[22m[39m[31m[1m^[22m[39m[31m[1m^[22m[39m[31m[1m^[22m[39m[31m[1m^[22m[39m[31m[1m^[22m[39m[31m[1m^[22m[39m[31m[1m^[22m[39m[31m[1m^[22m[39m[31m[1m^[22m[39m[31m[1m^[22m[39m[31m[1m^[22m[39m[31m[1m^[22m[39m[31m[1m^[22m[39m[31m[1m^[22m[39m[31m[1m^[22m[39m[31m[1m^[22m[39m[31m[1m^[22m[39m[31m[1m^[22m[39m[31m[1m^[22m[39m[31m[1m^[22m[39m[31m[1m^[22m[39m[31m[1m^[22m[39m[31m[1m^[22m[39m[31m[1m^[22m[39m[31m[1m^[22m[39m[31m[1m^[22m[39m[31m[1m^[22m[39m[31m[1m^[22m[39m[31m[1m^[22m[39m[31m[1m^[22m[39m[31m[1m^[22m[39m[31m[1m^[22m[39m[31m[1m^[22m[39m[31m[1m^[22m[39m[31m[1m^[22m[39m[31m[1m^[22m[39m[31m[1m^[22m[39m[31m[1m^[22m[39m[31m[1m^[22m[39m[31m[1m^[22m[39m[31m[1m^[22m[39m[31m[1m^[22m[39m[31m[1m^[22m[39m[31m[1m^[22m[39m[31m[1m^[22m[39m[31m[1m^[22m[39m[31m[1m^[22m[39m[31m[1m^[22m[39m[31m[1m^[22m[39m[31m[1m^[22m[39m[31m[1m^[22m[39m[31m[1m^[22m[39m[31m[1m^[22m[39m[31m[1m^[22m[39m[31m[1m^[22m[39m[31m[1m^[22m[39m
 [90m 4 |[39m
 [90m 5 |[39m [36mexport[39m [36mdefault[39m [36masync[39m [36mfunction[39m [33mStoreLayout[39m({
 [90m 6 |[39m   children[33m,[39m[0m

The export NewHomeFooter was not found in module [project]/b2c-store/src/modules/home-new/index.ts [app-rsc] (ecmascript).
Did you mean to import NewHomePage?
All exports of the module are statically known (It doesn't have dynamic exports). So it's known statically that the requested export doesn't exist.



./b2c-store/src/app/(store)/layout.tsx:3:1
Export NewHomeNav doesn't exist in target module
[0m [90m 1 |[39m [36mimport[39m { [33mOrganizationJsonLd[39m } [36mfrom[39m [32m"@/components/seo"[39m
 [90m 2 |[39m [36mimport[39m { getSiteUrl } [36mfrom[39m [32m"@/lib/site-url"[39m
[31m[1m>[22m[39m[90m 3 |[39m [36mimport[39m { [33mNewHomeFooter[39m[33m,[39m [33mNewHomeNav[39m[33m,[39m [33mNewHomeShell[39m[33m,[39m [33mNewHomeTopBar[39m } [36mfrom[39m [32m"@/modules/home-new"[39m
 [90m   |[39m [31m[1m^[22m[39m[31m[1m^[22m[39m[31m[1m^[22m[39m[31m[1m^[22m[39m[31m[1m^[22m[39m[31m[1m^[22m[39m[31m[1m^[22m[39m[31m[1m^[22m[39m[31m[1m^[22m[39m[31m[1m^[22m[39m[31m[1m^[22m[39m[31m[1m^[22m[39m[31m[1m^[22m[39m[31m[1m^[22m[39m[31m[1m^[22m[39m[31m[1m^[22m[39m[31m[1m^[22m[39m[31m[1m^[22m[39m[31m[1m^[22m[39m[31m[1m^[22m[39m[31m[1m^[22m[39m[31m[1m^[22m[39m[31m[1m^[22m[39m[31m[1m^[22m[39m[31m[1m^[22m[39m[31m[1m^[22m[39m[31m[1m^[22m[39m[31m[1m^[22m[39m[31m[1m^[22m[39m[31m[1m^[22m[39m[31m[1m^[22m[39m[31m[1m^[22m[39m[31m[1m^[22m[39m[31m[1m^[22m[39m[31m[1m^[22m[39m[31m[1m^[22m[39m[31m[1m^[22m[39m[31m[1m^[22m[39m[31m[1m^[22m[39m[31m[1m^[22m[39m[31m[1m^[22m[39m[31m[1m^[22m[39m[31m[1m^[22m[39m[31m[1m^[22m[39m[31m[1m^[22m[39m[31m[1m^[22m[39m[31m[1m^[22m[39m[31m[1m^[22m[39m[31m[1m^[22m[39m[31m[1m^[22m[39m[31m[1m^[22m[39m[31m[1m^[22m[39m[31m[1m^[22m[39m[31m[1m^[22m[39m[31m[1m^[22m[39m[31m[1m^[22m[39m[31m[1m^[22m[39m[31m[1m^[22m[39m[31m[1m^[22m[39m[31m[1m^[22m[39m[31m[1m^[22m[39m[31m[1m^[22m[39m[31m[1m^[22m[39m[31m[1m^[22m[39m[31m[1m^[22m[39m[31m[1m^[22m[39m[31m[1m^[22m[39m[31m[1m^[22m[39m[31m[1m^[22m[39m[31m[1m^[22m[39m[31m[1m^[22m[39m[31m[1m^[22m[39m[31m[1m^[22m[39m[31m[1m^[22m[39m[31m[1m^[22m[39m[31m[1m^[22m[39m[31m[1m^[22m[39m[31m[1m^[22m[39m[31m[1m^[22m[39m[31m[1m^[22m[39m[31m[1m^[22m[39m[31m[1m^[22m[39m[31m[1m^[22m[39m[31m[1m^[22m[39m[31m[1m^[22m[39m[31m[1m^[22m[39m[31m[1m^[22m[39m[31m[1m^[22m[39m[31m[1m^[22m[39m[31m[1m^[22m[39m[31m[1m^[22m[39m
 [90m 4 |[39m
 [90m 5 |[39m [36mexport[39m [36mdefault[39m [36masync[39m [36mfunction[39m [33mStoreLayout[39m({
 [90m 6 |[39m   children[33m,[39m[0m

The export NewHomeNav was not found in module [project]/b2c-store/src/modules/home-new/index.ts [app-rsc] (ecmascript).
Did you mean to import NewHomePage?
All exports of the module are statically known (It doesn't have dynamic exports). So it's known statically that the requested export doesn't exist.



./b2c-store/src/app/(store)/layout.tsx:3:1
Export NewHomeShell doesn't exist in target module
[0m [90m 1 |[39m [36mimport[39m { [33mOrganizationJsonLd[39m } [36mfrom[39m [32m"@/components/seo"[39m
 [90m 2 |[39m [36mimport[39m { getSiteUrl } [36mfrom[39m [32m"@/lib/site-url"[39m
[31m[1m>[22m[39m[90m 3 |[39m [36mimport[39m { [33mNewHomeFooter[39m[33m,[39m [33mNewHomeNav[39m[33m,[39m [33mNewHomeShell[39m[33m,[39m [33mNewHomeTopBar[39m } [36mfrom[39m [32m"@/modules/home-new"[39m
 [90m   |[39m [31m[1m^[22m[39m[31m[1m^[22m[39m[31m[1m^[22m[39m[31m[1m^[22m[39m[31m[1m^[22m[39m[31m[1m^[22m[39m[31m[1m^[22m[39m[31m[1m^[22m[39m[31m[1m^[22m[39m[31m[1m^[22m[39m[31m[1m^[22m[39m[31m[1m^[22m[39m[31m[1m^[22m[39m[31m[1m^[22m[39m[31m[1m^[22m[39m[31m[1m^[22m[39m[31m[1m^[22m[39m[31m[1m^[22m[39m[31m[1m^[22m[39m[31m[1m^[22m[39m[31m[1m^[22m[39m[31m[1m^[22m[39m[31m[1m^[22m[39m[31m[1m^[22m[39m[31m[1m^[22m[39m[31m[1m^[22m[39m[31m[1m^[22m[39m[31m[1m^[22m[39m[31m[1m^[22m[39m[31m[1m^[22m[39m[31m[1m^[22m[39m[31m[1m^[22m[39m[31m[1m^[22m[39m[31m[1m^[22m[39m[31m[1m^[22m[39m[31m[1m^[22m[39m[31m[1m^[22m[39m[31m[1m^[22m[39m[31m[1m^[22m[39m[31m[1m^[22m[39m[31m[1m^[22m[39m[31m[1m^[22m[39m[31m[1m^[22m[39m[31m[1m^[22m[39m[31m[1m^[22m[39m[31m[1m^[22m[39m[31m[1m^[22m[39m[31m[1m^[22m[39m[31m[1m^[22m[39m[31m[1m^[22m[39m[31m[1m^[22m[39m[31m[1m^[22m[39m[31m[1m^[22m[39m[31m[1m^[22m[39m[31m[1m^[22m[39m[31m[1m^[22m[39m[31m[1m^[22m[39m[31m[1m^[22m[39m[31m[1m^[22m[39m[31m[1m^[22m[39m[31m[1m^[22m[39m[31m[1m^[22m[39m[31m[1m^[22m[39m[31m[1m^[22m[39m[31m[1m^[22m[39m[31m[1m^[22m[39m[31m[1m^[22m[39m[31m[1m^[22m[39m[31m[1m^[22m[39m[31m[1m^[22m[39m[31m[1m^[22m[39m[31m[1m^[22m[39m[31m[1m^[22m[39m[31m[1m^[22m[39m[31m[1m^[22m[39m[31m[1m^[22m[39m[31m[1m^[22m[39m[31m[1m^[22m[39m[31m[1m^[22m[39m[31m[1m^[22m[39m[31m[1m^[22m[39m[31m[1m^[22m[39m[31m[1m^[22m[39m[31m[1m^[22m[39m[31m[1m^[22m[39m[31m[1m^[22m[39m[31m[1m^[22m[39m[31m[1m^[22m[39m[31m[1m^[22m[39m[31m[1m^[22m[39m[31m[1m^[22m[39m
 [90m 4 |[39m
 [90m 5 |[39m [36mexport[39m [36mdefault[39m [36masync[39m [36mfunction[39m [33mStoreLayout[39m({
 [90m 6 |[39m   children[33m,[39m[0m

The export NewHomeShell was not found in module [project]/b2c-store/src/modules/home-new/index.ts [app-rsc] (ecmascript).
Did you mean to import NewHomePage?
All exports of the module are statically known (It doesn't have dynamic exports). So it's known statically that the requested export doesn't exist.



./b2c-store/src/app/(store)/layout.tsx:3:1
Export NewHomeTopBar doesn't exist in target module
[0m [90m 1 |[39m [36mimport[39m { [33mOrganizationJsonLd[39m } [36mfrom[39m [32m"@/components/seo"[39m
 [90m 2 |[39m [36mimport[39m { getSiteUrl } [36mfrom[39m [32m"@/lib/site-url"[39m
[31m[1m>[22m[39m[90m 3 |[39m [36mimport[39m { [33mNewHomeFooter[39m[33m,[39m [33mNewHomeNav[39m[33m,[39m [33mNewHomeShell[39m[33m,[39m [33mNewHomeTopBar[39m } [36mfrom[39m [32m"@/modules/home-new"[39m
 [90m   |[39m [31m[1m^[22m[39m[31m[1m^[22m[39m[31m[1m^[22m[39m[31m[1m^[22m[39m[31m[1m^[22m[39m[31m[1m^[22m[39m[31m[1m^[22m[39m[31m[1m^[22m[39m[31m[1m^[22m[39m[31m[1m^[22m[39m[31m[1m^[22m[39m[31m[1m^[22m[39m[31m[1m^[22m[39m[31m[1m^[22m[39m[31m[1m^[22m[39m[31m[1m^[22m[39m[31m[1m^[22m[39m[31m[1m^[22m[39m[31m[1m^[22m[39m[31m[1m^[22m[39m[31m[1m^[22m[39m[31m[1m^[22m[39m[31m[1m^[22m[39m[31m[1m^[22m[39m[31m[1m^[22m[39m[31m[1m^[22m[39m[31m[1m^[22m[39m[31m[1m^[22m[39m[31m[1m^[22m[39m[31m[1m^[22m[39m[31m[1m^[22m[39m[31m[1m^[22m[39m[31m[1m^[22m[39m[31m[1m^[22m[39m[31m[1m^[22m[39m[31m[1m^[22m[39m[31m[1m^[22m[39m[31m[1m^[22m[39m[31m[1m^[22m[39m[31m[1m^[22m[39m[31m[1m^[22m[39m[31m[1m^[22m[39m[31m[1m^[22m[39m[31m[1m^[22m[39m[31m[1m^[22m[39m[31m[1m^[22m[39m[31m[1m^[22m[39m[31m[1m^[22m[39m[31m[1m^[22m[39m[31m[1m^[22m[39m[31m[1m^[22m[39m[31m[1m^[22m[39m[31m[1m^[22m[39m[31m[1m^[22m[39m[31m[1m^[22m[39m[31m[1m^[22m[39m[31m[1m^[22m[39m[31m[1m^[22m[39m[31m[1m^[22m[39m[31m[1m^[22m[39m[31m[1m^[22m[39m[31m[1m^[22m[39m[31m[1m^[22m[39m[31m[1m^[22m[39m[31m[1m^[22m[39m[31m[1m^[22m[39m[31m[1m^[22m[39m[31m[1m^[22m[39m[31m[1m^[22m[39m[31m[1m^[22m[39m[31m[1m^[22m[39m[31m[1m^[22m[39m[31m[1m^[22m[39m[31m[1m^[22m[39m[31m[1m^[22m[39m[31m[1m^[22m[39m[31m[1m^[22m[39m[31m[1m^[22m[39m[31m[1m^[22m[39m[31m[1m^[22m[39m[31m[1m^[22m[39m[31m[1m^[22m[39m[31m[1m^[22m[39m[31m[1m^[22m[39m[31m[1m^[22m[39m[31m[1m^[22m[39m[31m[1m^[22m[39m[31m[1m^[22m[39m[31m[1m^[22m[39m[31m[1m^[22m[39m[31m[1m^[22m[39m
 [90m 4 |[39m
 [90m 5 |[39m [36mexport[39m [36mdefault[39m [36masync[39m [36mfunction[39m [33mStoreLayout[39m({
 [90m 6 |[39m   children[33m,[39m[0m

The export NewHomeTopBar was not found in module [project]/b2c-store/src/modules/home-new/index.ts [app-rsc] (ecmascript).
Did you mean to import NewHomePage?
All exports of the module are statically known (It doesn't have dynamic exports). So it's known statically that the requested export doesn't exist.


 GET /about 500 in 63ms (compile: 39ms, proxy.ts: 13ms, render: 11ms)
 GET /admin/quote-emails 200 in 1106ms (compile: 17ms, proxy.ts: 23ms, render: 1067ms)
✓ Compiled in 2.1s
✓ Compiled in 233ms
 GET /admin/quote-emails 200 in 1513ms (compile: 3ms, proxy.ts: 9ms, render: 1501ms)
 GET /admin/quote-emails 200 in 1702ms (compile: 13ms, proxy.ts: 69ms, render: 1620ms)
 GET /about 200 in 1901ms (compile: 384ms, proxy.ts: 69ms, render: 1448ms)
 GET /admin/quote-emails 200 in 367ms (compile: 8ms, proxy.ts: 59ms, render: 300ms)
 GET /admin/quote-emails 200 in 741ms (compile: 27ms, proxy.ts: 78ms, render: 636ms)
 GET /admin/quote-emails 200 in 588ms (compile: 5ms, proxy.ts: 29ms, render: 553ms)
 GET /admin/quote-emails 200 in 278ms (compile: 3ms, proxy.ts: 9ms, render: 267ms)
 GET /admin/quote-emails 200 in 552ms (compile: 8ms, proxy.ts: 46ms, render: 497ms)
 GET /admin/quote-emails 200 in 290ms (compile: 3ms, proxy.ts: 34ms, render: 252ms)
 GET /admin/quote-emails 200 in 1050ms (compile: 4ms, proxy.ts: 40ms, render: 1005ms)
 GET /admin/quote-emails 200 in 1184ms (compile: 4ms, proxy.ts: 25ms, render: 1155ms)
 GET /products 200 in 3.0s (compile: 490ms, proxy.ts: 41ms, render: 2.5s)
 GET /categories/foot-protection 200 in 3.0s (compile: 273ms, proxy.ts: 10ms, render: 2.7s)
 GET /categories/foot-protection/safety-boots 200 in 3.5s (compile: 1292ms, proxy.ts: 11ms, render: 2.2s)
 GET / 200 in 1622ms (compile: 199ms, proxy.ts: 8ms, render: 1415ms)
 GET /about 200 in 152ms (compile: 6ms, proxy.ts: 12ms, render: 134ms)
 GET /blog 200 in 1133ms (compile: 267ms, proxy.ts: 20ms, render: 846ms)
✓ Compiled in 345ms
 GET /blog 200 in 300ms (compile: 3ms, proxy.ts: 11ms, render: 286ms)
 GET /admin/quote-emails 200 in 286ms (compile: 5ms, proxy.ts: 25ms, render: 256ms)
 GET /tools 200 in 704ms (compile: 617ms, proxy.ts: 10ms, render: 76ms)
 GET /products 200 in 1245ms (compile: 5ms, proxy.ts: 12ms, render: 1228ms)
 GET /tools 200 in 113ms (compile: 5ms, proxy.ts: 23ms, render: 85ms)
 GET /products 200 in 750ms (compile: 14ms, proxy.ts: 23ms, render: 713ms)
 GET /products 200 in 2.7s (compile: 43ms, proxy.ts: 146ms, render: 2.5s)
 GET /solutions 200 in 5.3s (compile: 399ms, proxy.ts: 16ms, render: 4.9s)
 GET / 200 in 2.4s (compile: 46ms, proxy.ts: 412ms, render: 1989ms)
✓ Compiled in 441ms
✓ Compiled in 333ms
 GET /admin/quote-emails 200 in 848ms (compile: 10ms, proxy.ts: 188ms, render: 651ms)
 GET / 200 in 1593ms (compile: 24ms, proxy.ts: 92ms, render: 1477ms)
✓ Compiled in 408ms
✓ Compiled in 148ms
 GET /admin/quote-emails 200 in 1498ms (compile: 8ms, proxy.ts: 30ms, render: 1461ms)
 GET / 200 in 1504ms (compile: 123ms, proxy.ts: 31ms, render: 1350ms)
 GET /about 200 in 1222ms (compile: 736ms, proxy.ts: 28ms, render: 458ms)
 GET /about 200 in 1073ms (compile: 7ms, proxy.ts: 19ms, render: 1048ms)
 GET /products 200 in 3.5s (compile: 37ms, proxy.ts: 18ms, render: 3.4s)
 GET /products/corotc-handheld-welder-mask-anti-uv-anti-spark-steel-paper 200 in 12.1s (compile: 2.1s, proxy.ts: 83ms, render: 10.0s)
 GET /products?page=2 200 in 2.1s (compile: 52ms, proxy.ts: 61ms, render: 2.0s)
✓ Compiled in 379ms
 GET /products/red-adjustable-foldable-noise-reduction-earmuffs 200 in 3.9s (compile: 324ms, proxy.ts: 15ms, render: 3.6s)
 GET /products/red-adjustable-foldable-noise-reduction-earmuffs 200 in 3.8s (compile: 19ms, proxy.ts: 11ms, render: 3.7s)
 GET /products/red-adjustable-foldable-noise-reduction-earmuffs 200 in 3.0s (compile: 26ms, proxy.ts: 21ms, render: 3.0s)
 GET /about 200 in 466ms (compile: 244ms, proxy.ts: 14ms, render: 208ms)
 GET /tools 200 in 978ms (compile: 381ms, proxy.ts: 14ms, render: 583ms)
 GET /products 200 in 3.5s (compile: 205ms, proxy.ts: 10ms, render: 3.3s)
 GET /categories/foot-protection 200 in 7.4s (compile: 1934ms, proxy.ts: 143ms, render: 5.3s)
 GET /products/bds-flanged-ear-plugs-orange-25-db-nrr-ansi-certified-slow 200 in 3.5s (compile: 17ms, proxy.ts: 14ms, render: 3.5s)
✓ Compiled in 536ms
 GET /admin/quote-emails 200 in 765ms (compile: 9ms, proxy.ts: 14ms, render: 742ms)
 GET /products/bds-flanged-ear-plugs-orange-25-db-nrr-ansi-certified-slow 200 in 1870ms (compile: 29ms, proxy.ts: 13ms, render: 1829ms)
 GET / 200 in 1858ms (compile: 363ms, proxy.ts: 22ms, render: 1473ms)
 GET / 200 in 2.9s (compile: 11ms, proxy.ts: 29ms, render: 2.9s)
 GET /categories/hand-protection 200 in 4.9s (compile: 83ms, proxy.ts: 91ms, render: 4.8s)
 GET /products/70g-thickened-cotton-knit-work-gloves-general-purpose 200 in 3.0s (compile: 23ms, proxy.ts: 11ms, render: 3.0s)
 GET /products/bds-flanged-ear-plugs-orange-25-db-nrr-ansi-certified-slow 200 in 2.3s (compile: 26ms, proxy.ts: 8ms, render: 2.2s)
 GET /products/bds-flanged-ear-plugs-orange-25-db-nrr-ansi-certified-slow 200 in 4.2s (compile: 30ms, proxy.ts: 12ms, render: 4.2s)
 GET /about 200 in 1587ms (compile: 618ms, proxy.ts: 6ms, render: 963ms)
 GET /about 200 in 615ms (compile: 298ms, proxy.ts: 4ms, render: 312ms)
 GET /products/bds-flanged-ear-plugs-orange-25-db-nrr-ansi-certified-slow 200 in 6.2s (compile: 16ms, proxy.ts: 11ms, render: 6.2s)
 GET /products/bds-flanged-ear-plugs-orange-25-db-nrr-ansi-certified-slow 200 in 3.1s (compile: 15ms, proxy.ts: 44ms, render: 3.1s)
 GET /products/bds-flanged-ear-plugs-orange-25-db-nrr-ansi-certified-slow 200 in 4.6s (compile: 16ms, proxy.ts: 10ms, render: 4.5s)
✓ Compiled in 353ms
✓ Compiled in 743ms
 GET /admin/quote-emails 200 in 1823ms (compile: 21ms, proxy.ts: 59ms, render: 1743ms)
 GET /admin/quote-emails 200 in 891ms (compile: 8ms, proxy.ts: 166ms, render: 718ms)
 GET /admin/quote-emails 200 in 188ms (compile: 3ms, proxy.ts: 9ms, render: 176ms)
 GET /admin/quote-emails 200 in 1554ms (compile: 7ms, proxy.ts: 65ms, render: 1482ms)
 GET /admin/quote-emails 200 in 169ms (compile: 3ms, proxy.ts: 7ms, render: 160ms)
 GET /products/bds-flanged-ear-plugs-orange-25-db-nrr-ansi-certified-slow 200 in 3.3s (compile: 831ms, proxy.ts: 117ms, render: 2.3s)
 GET /products/bds-flanged-ear-plugs-orange-25-db-nrr-ansi-certified-slow 200 in 2.1s (compile: 24ms, proxy.ts: 48ms, render: 2.0s)
 GET /products/bds-flanged-ear-plugs-orange-25-db-nrr-ansi-certified-slow 200 in 2.5s (compile: 331ms, proxy.ts: 60ms, render: 2.2s)
 GET /products/bds-flanged-ear-plugs-orange-25-db-nrr-ansi-certified-slow 200 in 254ms (compile: 12ms, proxy.ts: 7ms, render: 234ms)
 GET /products/bds-flanged-ear-plugs-orange-25-db-nrr-ansi-certified-slow 200 in 1948ms (compile: 5ms, proxy.ts: 8ms, render: 1935ms)
 GET /products/bds-flanged-ear-plugs-orange-25-db-nrr-ansi-certified-slow 200 in 2.0s (compile: 7ms, proxy.ts: 29ms, render: 1975ms)
 GET /products/bds-flanged-ear-plugs-orange-25-db-nrr-ansi-certified-slow 200 in 3.5s (compile: 49ms, proxy.ts: 910ms, render: 2.5s)
 GET /products/70g-thickened-cotton-knit-work-gloves-general-purpose 200 in 4.3s (compile: 687ms, proxy.ts: 85ms, render: 3.6s)
 GET /admin/quote-emails 200 in 186ms (compile: 3ms, proxy.ts: 7ms, render: 177ms)
 GET /products/70g-thickened-cotton-knit-work-gloves-general-purpose 200 in 2.7s (compile: 11ms, proxy.ts: 8ms, render: 2.7s)
 GET /admin/quote-emails 200 in 154ms (compile: 3ms, proxy.ts: 11ms, render: 140ms)
 GET /products/70g-thickened-cotton-knit-work-gloves-general-purpose 200 in 4.1s (compile: 299ms, proxy.ts: 60ms, render: 3.7s)
 GET /products/70g-thickened-cotton-knit-work-gloves-general-purpose 200 in 2.3s (compile: 22ms, proxy.ts: 7ms, render: 2.3s)
 GET /products/70g-thickened-cotton-knit-work-gloves-general-purpose 200 in 299ms (compile: 5ms, proxy.ts: 6ms, render: 288ms)
 GET /products/70g-thickened-cotton-knit-work-gloves-general-purpose 200 in 2.7s (compile: 4ms, proxy.ts: 6ms, render: 2.7s)
 GET /products/70g-thickened-cotton-knit-work-gloves-general-purpose 200 in 521ms (compile: 12ms, proxy.ts: 8ms, render: 501ms)
 GET /products/70g-thickened-cotton-knit-work-gloves-general-purpose 200 in 4.3s (compile: 237ms, proxy.ts: 65ms, render: 4.0s)
 GET /admin/quote-emails 200 in 297ms (compile: 3ms, proxy.ts: 45ms, render: 249ms)
 GET /admin/quote-emails 200 in 366ms (compile: 6ms, proxy.ts: 25ms, render: 336ms)
 GET /admin/quote-emails 200 in 253ms (compile: 3ms, proxy.ts: 31ms, render: 220ms)
 GET /admin/quote-emails 200 in 248ms (compile: 5ms, proxy.ts: 25ms, render: 218ms)
 GET /admin/quote-emails 200 in 621ms (compile: 4ms, proxy.ts: 16ms, render: 600ms)
 GET /admin/quote-emails 200 in 527ms (compile: 5ms, proxy.ts: 32ms, render: 491ms)
✓ Compiled in 313ms
 GET /admin/quote-emails 200 in 1154ms (compile: 7ms, proxy.ts: 17ms, render: 1130ms)
 GET /products/70g-thickened-cotton-knit-work-gloves-general-purpose 200 in 3.7s (compile: 350ms, proxy.ts: 15ms, render: 3.4s)
 GET /products/bds-flanged-ear-plugs-orange-25-db-nrr-ansi-certified-slow 200 in 4.3s (compile: 192ms, proxy.ts: 18ms, render: 4.0s)
✓ Compiled in 117ms
✓ Compiled in 119ms
 GET /admin/quote-emails 200 in 948ms (compile: 24ms, proxy.ts: 28ms, render: 895ms)
 GET /products/bds-flanged-ear-plugs-orange-25-db-nrr-ansi-certified-slow 200 in 3.7s (compile: 295ms, proxy.ts: 29ms, render: 3.4s)
 GET /products/70g-thickened-cotton-knit-work-gloves-general-purpose 200 in 4.2s (compile: 394ms, proxy.ts: 37ms, render: 3.8s)
 GET /products/bds-flanged-ear-plugs-orange-25-db-nrr-ansi-certified-slow 200 in 4.2s (compile: 12ms, proxy.ts: 8ms, render: 4.2s)
✓ Compiled in 229ms
 GET /admin/quote-emails 200 in 1525ms (compile: 24ms, proxy.ts: 31ms, render: 1470ms)
 GET /products/bds-flanged-ear-plugs-orange-25-db-nrr-ansi-certified-slow 200 in 3.0s (compile: 11ms, proxy.ts: 772ms, render: 2.2s)
 GET /products/70g-thickened-cotton-knit-work-gloves-general-purpose 200 in 4.7s (compile: 528ms, proxy.ts: 46ms, render: 4.1s)
 GET /products/70g-thickened-cotton-knit-work-gloves-general-purpose 200 in 6.4s (compile: 75ms, proxy.ts: 633ms, render: 5.7s)
 GET /products/70g-thickened-cotton-knit-work-gloves-general-purpose 200 in 4.5s (compile: 118ms, proxy.ts: 53ms, render: 4.3s)
 GET /about 200 in 1429ms (compile: 1096ms, proxy.ts: 32ms, render: 301ms)
 GET /products/bds-flanged-ear-plugs-orange-25-db-nrr-ansi-certified-slow 200 in 5.6s (compile: 63ms, proxy.ts: 20ms, render: 5.5s)
 GET /about 200 in 915ms (compile: 14ms, proxy.ts: 37ms, render: 865ms)
 GET /products 200 in 4.3s (compile: 884ms, proxy.ts: 26ms, render: 3.4s)
 GET /products/bds-flanged-ear-plugs-orange-25-db-nrr-ansi-certified-slow 200 in 8.7s (compile: 185ms, proxy.ts: 1372ms, render: 7.1s)
 GET /products/bds-flanged-ear-plugs-orange-25-db-nrr-ansi-certified-slow 200 in 7.1s (compile: 17ms, proxy.ts: 67ms, render: 7.1s)
 GET /products/bds-flanged-ear-plugs-orange-25-db-nrr-ansi-certified-slow 200 in 3.9s (compile: 17ms, proxy.ts: 6ms, render: 3.9s)
 GET /products/bds-flanged-ear-plugs-orange-25-db-nrr-ansi-certified-slow 200 in 2.6s (compile: 35ms, proxy.ts: 9ms, render: 2.6s)
 GET /products/bds-flanged-ear-plugs-orange-25-db-nrr-ansi-certified-slow 200 in 1361ms (compile: 13ms, proxy.ts: 20ms, render: 1328ms)
 GET / 200 in 1797ms (compile: 347ms, proxy.ts: 9ms, render: 1441ms)
 GET /products/bds-flanged-ear-plugs-orange-25-db-nrr-ansi-certified-slow 200 in 1921ms (compile: 18ms, proxy.ts: 5ms, render: 1898ms)
✓ Compiled in 476ms
 GET / 200 in 1431ms (compile: 24ms, proxy.ts: 11ms, render: 1396ms)
 GET /admin/quote-emails 200 in 2.1s (compile: 33ms, proxy.ts: 26ms, render: 2.1s)
Error [TimeoutError]: The operation was aborted due to timeout
    at ignore-listed frames {
  code: 23,
  INDEX_SIZE_ERR: 1,
  DOMSTRING_SIZE_ERR: 2,
  HIERARCHY_REQUEST_ERR: 3,
  WRONG_DOCUMENT_ERR: 4,
  INVALID_CHARACTER_ERR: 5,
  NO_DATA_ALLOWED_ERR: 6,
  NO_MODIFICATION_ALLOWED_ERR: 7,
  NOT_FOUND_ERR: 8,
  NOT_SUPPORTED_ERR: 9,
  INUSE_ATTRIBUTE_ERR: 10,
  INVALID_STATE_ERR: 11,
  SYNTAX_ERR: 12,
  INVALID_MODIFICATION_ERR: 13,
  NAMESPACE_ERR: 14,
  INVALID_ACCESS_ERR: 15,
  VALIDATION_ERR: 16,
  TYPE_MISMATCH_ERR: 17,
  SECURITY_ERR: 18,
  NETWORK_ERR: 19,
  ABORT_ERR: 20,
  URL_MISMATCH_ERR: 21,
  QUOTA_EXCEEDED_ERR: 22,
  TIMEOUT_ERR: 23,
  INVALID_NODE_TYPE_ERR: 24,
  DATA_CLONE_ERR: 25
}
✓ Compiled in 711ms
✓ Compiled in 303ms
 GET /admin/quote-emails 200 in 1424ms (compile: 18ms, proxy.ts: 72ms, render: 1334ms)
 GET / 200 in 1600ms (compile: 159ms, proxy.ts: 60ms, render: 1381ms)
 GET /products/bds-flanged-ear-plugs-orange-25-db-nrr-ansi-certified-slow 200 in 4.5s (compile: 985ms, proxy.ts: 135ms, render: 3.4s)
Error [TimeoutError]: The operation was aborted due to timeout
    at ignore-listed frames {
  code: 23,
  INDEX_SIZE_ERR: 1,
  DOMSTRING_SIZE_ERR: 2,
  HIERARCHY_REQUEST_ERR: 3,
  WRONG_DOCUMENT_ERR: 4,
  INVALID_CHARACTER_ERR: 5,
  NO_DATA_ALLOWED_ERR: 6,
  NO_MODIFICATION_ALLOWED_ERR: 7,
  NOT_FOUND_ERR: 8,
  NOT_SUPPORTED_ERR: 9,
  INUSE_ATTRIBUTE_ERR: 10,
  INVALID_STATE_ERR: 11,
  SYNTAX_ERR: 12,
  INVALID_MODIFICATION_ERR: 13,
  NAMESPACE_ERR: 14,
  INVALID_ACCESS_ERR: 15,
  VALIDATION_ERR: 16,
  TYPE_MISMATCH_ERR: 17,
  SECURITY_ERR: 18,
  NETWORK_ERR: 19,
  ABORT_ERR: 20,
  URL_MISMATCH_ERR: 21,
  QUOTA_EXCEEDED_ERR: 22,
  TIMEOUT_ERR: 23,
  INVALID_NODE_TYPE_ERR: 24,
  DATA_CLONE_ERR: 25
}
 GET /products/bds-flanged-ear-plugs-orange-25-db-nrr-ansi-certified-slow 200 in 7.5s (compile: 133ms, proxy.ts: 78ms, render: 7.2s)
 GET /products/bds-flanged-ear-plugs-orange-25-db-nrr-ansi-certified-slow 200 in 7.4s (compile: 21ms, proxy.ts: 8ms, render: 7.4s)
✓ Compiled in 614ms
 GET /products/bds-flanged-ear-plugs-orange-25-db-nrr-ansi-certified-slow 200 in 4.2s (compile: 464ms, proxy.ts: 7ms, render: 3.7s)
 GET /about 200 in 2.5s (compile: 1714ms, proxy.ts: 156ms, render: 587ms)
 GET /about 200 in 816ms (compile: 28ms, proxy.ts: 62ms, render: 725ms)
 GET / 200 in 1485ms (compile: 45ms, proxy.ts: 46ms, render: 1393ms)
✓ Compiled in 878ms
 GET /admin/quote-emails 200 in 410ms (compile: 5ms, proxy.ts: 176ms, render: 230ms)
 GET /admin/quote-emails 200 in 614ms (compile: 6ms, proxy.ts: 81ms, render: 526ms)
 GET /admin/quote-emails 200 in 144ms (compile: 4ms, proxy.ts: 10ms, render: 130ms)
 GET /admin/quote-emails 200 in 1431ms (compile: 20ms, proxy.ts: 9ms, render: 1402ms)
 GET / 200 in 1641ms (compile: 451ms, proxy.ts: 30ms, render: 1160ms)
 GET /admin/quote-emails 200 in 328ms (compile: 3ms, proxy.ts: 10ms, render: 314ms)
 GET / 200 in 1397ms (compile: 35ms, proxy.ts: 82ms, render: 1280ms)
 GET / 200 in 1904ms (compile: 3ms, proxy.ts: 8ms, render: 1893ms)
 GET / 200 in 2.1s (compile: 6ms, proxy.ts: 11ms, render: 2.1s)
 GET /admin/quote-emails 200 in 1497ms (compile: 3ms, proxy.ts: 7ms, render: 1487ms)
 GET / 200 in 1676ms (compile: 3ms, proxy.ts: 21ms, render: 1651ms)
 GET /admin/quote-emails 200 in 270ms (compile: 6ms, proxy.ts: 12ms, render: 252ms)
 GET /admin/quote-emails 200 in 229ms (compile: 5ms, proxy.ts: 50ms, render: 173ms)
 GET /admin/quote-emails 200 in 241ms (compile: 8ms, proxy.ts: 48ms, render: 185ms)
 GET /admin/quote-emails 200 in 234ms (compile: 7ms, proxy.ts: 43ms, render: 183ms)
 GET /admin/quote-emails 200 in 580ms (compile: 4ms, proxy.ts: 31ms, render: 545ms)
 GET /admin/quote-emails 200 in 217ms (compile: 7ms, proxy.ts: 36ms, render: 175ms)
 GET / 200 in 3.3s (compile: 11ms, proxy.ts: 126ms, render: 3.2s)
 GET /admin/quote-emails 200 in 186ms (compile: 8ms, proxy.ts: 30ms, render: 148ms)
✓ Compiled in 217ms
 GET /products 200 in 4.4s (compile: 447ms, proxy.ts: 9ms, render: 3.9s)
✓ Compiled in 177ms
 GET / 200 in 1633ms (compile: 4ms, proxy.ts: 4ms, render: 1625ms)
 GET / 200 in 1260ms (compile: 11ms, proxy.ts: 4ms, render: 1245ms)
Error [TimeoutError]: The operation was aborted due to timeout
    at ignore-listed frames {
  code: 23,
  INDEX_SIZE_ERR: 1,
  DOMSTRING_SIZE_ERR: 2,
  HIERARCHY_REQUEST_ERR: 3,
  WRONG_DOCUMENT_ERR: 4,
  INVALID_CHARACTER_ERR: 5,
  NO_DATA_ALLOWED_ERR: 6,
  NO_MODIFICATION_ALLOWED_ERR: 7,
  NOT_FOUND_ERR: 8,
  NOT_SUPPORTED_ERR: 9,
  INUSE_ATTRIBUTE_ERR: 10,
  INVALID_STATE_ERR: 11,
  SYNTAX_ERR: 12,
  INVALID_MODIFICATION_ERR: 13,
  NAMESPACE_ERR: 14,
  INVALID_ACCESS_ERR: 15,
  VALIDATION_ERR: 16,
  TYPE_MISMATCH_ERR: 17,
  SECURITY_ERR: 18,
  NETWORK_ERR: 19,
  ABORT_ERR: 20,
  URL_MISMATCH_ERR: 21,
  QUOTA_EXCEEDED_ERR: 22,
  TIMEOUT_ERR: 23,
  INVALID_NODE_TYPE_ERR: 24,
  DATA_CLONE_ERR: 25
}
 GET / 200 in 1420ms (compile: 2ms, proxy.ts: 3ms, render: 1414ms)
 GET / 200 in 2.1s (compile: 12ms, proxy.ts: 38ms, render: 2.0s)
 GET / 200 in 1803ms (compile: 9ms, proxy.ts: 32ms, render: 1762ms)
✓ Compiled in 525ms
✓ Compiled in 815ms
 GET /admin/quote-emails 200 in 1749ms (compile: 12ms, proxy.ts: 37ms, render: 1700ms)
 GET /admin/quote-emails 200 in 726ms (compile: 7ms, proxy.ts: 36ms, render: 683ms)
 GET /admin/quote-emails 200 in 174ms (compile: 3ms, proxy.ts: 9ms, render: 163ms)
 GET /admin/quote-emails 200 in 401ms (compile: 28ms, proxy.ts: 12ms, render: 361ms)
 GET / 200 in 2.5s (compile: 793ms, proxy.ts: 18ms, render: 1641ms)
 GET / 200 in 1351ms (compile: 39ms, proxy.ts: 32ms, render: 1281ms)
 GET /admin/quote-emails 200 in 288ms (compile: 5ms, proxy.ts: 12ms, render: 271ms)
 GET / 200 in 1444ms (compile: 53ms, proxy.ts: 24ms, render: 1368ms)
 GET /admin/quote-emails 200 in 124ms (compile: 5ms, proxy.ts: 12ms, render: 108ms)
 GET / 200 in 1066ms (compile: 4ms, proxy.ts: 13ms, render: 1050ms)
 GET /admin/quote-emails 200 in 348ms (compile: 3ms, proxy.ts: 6ms, render: 339ms)
 GET /admin/quote-emails 200 in 1982ms (compile: 6ms, proxy.ts: 26ms, render: 1949ms)
 GET /admin/quote-emails 200 in 183ms (compile: 3ms, proxy.ts: 7ms, render: 174ms)
 GET / 200 in 1342ms (compile: 4ms, proxy.ts: 9ms, render: 1330ms)
 GET / 200 in 1166ms (compile: 5ms, proxy.ts: 7ms, render: 1154ms)
 GET / 200 in 728ms (compile: 3ms, proxy.ts: 9ms, render: 717ms)
 GET /admin/quote-emails 200 in 443ms (compile: 19ms, proxy.ts: 8ms, render: 416ms)
 GET /admin/quote-emails 200 in 243ms (compile: 4ms, proxy.ts: 13ms, render: 226ms)
 GET /admin/quote-emails 200 in 243ms (compile: 3ms, proxy.ts: 15ms, render: 225ms)
 GET / 200 in 839ms (compile: 3ms, proxy.ts: 7ms, render: 830ms)
 GET / 200 in 1378ms (compile: 3ms, proxy.ts: 8ms, render: 1367ms)
 GET /admin/quote-emails 200 in 147ms (compile: 2ms, proxy.ts: 10ms, render: 135ms)
 GET / 200 in 619ms (compile: 27ms, proxy.ts: 12ms, render: 579ms)
 GET / 200 in 560ms (compile: 4ms, proxy.ts: 10ms, render: 546ms)
 GET / 200 in 1317ms (compile: 3ms, proxy.ts: 10ms, render: 1305ms)
 GET / 200 in 1026ms (compile: 4ms, proxy.ts: 8ms, render: 1014ms)
 GET /admin/quote-emails 200 in 514ms (compile: 6ms, proxy.ts: 23ms, render: 485ms)
 GET /admin/quote-emails 200 in 271ms (compile: 5ms, proxy.ts: 66ms, render: 200ms)
 GET /admin/quote-emails 200 in 260ms (compile: 5ms, proxy.ts: 33ms, render: 222ms)
 GET /admin/quote-emails 200 in 300ms (compile: 26ms, proxy.ts: 25ms, render: 249ms)
 GET /admin/quote-emails 200 in 210ms (compile: 3ms, proxy.ts: 7ms, render: 200ms)
 GET / 200 in 961ms (compile: 194ms, proxy.ts: 20ms, render: 747ms)
 GET /admin/quote-emails 200 in 168ms (compile: 7ms, proxy.ts: 11ms, render: 151ms)
 GET / 200 in 723ms (compile: 30ms, proxy.ts: 31ms, render: 662ms)
 GET /admin/quote-emails 200 in 123ms (compile: 3ms, proxy.ts: 7ms, render: 114ms)
 GET /admin/quote-emails 200 in 202ms (compile: 3ms, proxy.ts: 7ms, render: 192ms)
 GET / 200 in 795ms (compile: 4ms, proxy.ts: 10ms, render: 781ms)
 GET / 200 in 1343ms (compile: 31ms, proxy.ts: 62ms, render: 1250ms)
 GET / 200 in 1158ms (compile: 4ms, proxy.ts: 86ms, render: 1068ms)
 GET / 200 in 821ms (compile: 6ms, proxy.ts: 113ms, render: 702ms)
 GET /admin/quote-emails 200 in 209ms (compile: 4ms, proxy.ts: 18ms, render: 187ms)
 GET /admin/quote-emails 200 in 199ms (compile: 4ms, proxy.ts: 22ms, render: 173ms)
 GET /admin/quote-emails 200 in 140ms (compile: 4ms, proxy.ts: 10ms, render: 127ms)
 GET /admin/quote-emails 200 in 123ms (compile: 3ms, proxy.ts: 8ms, render: 112ms)
 GET / 200 in 1034ms (compile: 57ms, proxy.ts: 8ms, render: 970ms)
 GET / 200 in 719ms (compile: 19ms, proxy.ts: 34ms, render: 665ms)
 GET / 200 in 819ms (compile: 25ms, proxy.ts: 17ms, render: 777ms)
 GET / 200 in 1557ms (compile: 3ms, proxy.ts: 7ms, render: 1547ms)
 GET / 200 in 799ms (compile: 3ms, proxy.ts: 7ms, render: 789ms)
 GET / 200 in 612ms (compile: 3ms, proxy.ts: 16ms, render: 593ms)
 GET /admin/quote-emails 200 in 383ms (compile: 4ms, proxy.ts: 87ms, render: 291ms)
 GET / 200 in 638ms (compile: 7ms, proxy.ts: 124ms, render: 507ms)
⨯ upstream image response failed for https://file3.aitohumanize.com/file/4392f6a3ca1647feb0c7517a4f5e1d8f.png 404
⨯ upstream image response failed for https://file3.aitohumanize.com/file/4392f6a3ca1647feb0c7517a4f5e1d8f.png 404
 GET /products/bds-flanged-ear-plugs-orange-25-db-nrr-ansi-certified-slow 200 in 14.4s (compile: 613ms, proxy.ts: 26ms, render: 13.8s)
⨯ upstream image response failed for https://file3.aitohumanize.com/file/4392f6a3ca1647feb0c7517a4f5e1d8f.png 404
 GET /products 200 in 3.8s (compile: 626ms, proxy.ts: 12ms, render: 3.2s)
 GET /products/bds-flanged-ear-plugs-orange-25-db-nrr-ansi-certified-slow 200 in 8.4s (compile: 46ms, proxy.ts: 12ms, render: 8.4s)
 GET /products/bds-flanged-ear-plugs-orange-25-db-nrr-ansi-certified-slow 200 in 7.7s (compile: 15ms, proxy.ts: 6ms, render: 7.7s)
 GET /products/bds-flanged-ear-plugs-orange-25-db-nrr-ansi-certified-slow 200 in 6.2s (compile: 16ms, proxy.ts: 6ms, render: 6.2s)
✓ Compiled in 572ms
 GET /products/bds-flanged-ear-plugs-orange-25-db-nrr-ansi-certified-slow 200 in 5.5s (compile: 22ms, proxy.ts: 5ms, render: 5.4s)
 GET / 200 in 1358ms (compile: 25ms, proxy.ts: 32ms, render: 1301ms)
 GET /products/bds-flanged-ear-plugs-orange-25-db-nrr-ansi-certified-slow 200 in 6.1s (compile: 15ms, proxy.ts: 7ms, render: 6.1s)
 GET /products/bds-flanged-ear-plugs-orange-25-db-nrr-ansi-certified-slow 200 in 5.8s (compile: 12ms, proxy.ts: 4ms, render: 5.8s)
 GET / 200 in 3.1s (compile: 49ms, proxy.ts: 44ms, render: 3.0s)
 GET /products 200 in 5.8s (compile: 21ms, proxy.ts: 13ms, render: 5.7s)
 GET /products/quick-lacing-rotating-button-anti-shock-and-anti-stab 200 in 9.8s (compile: 38ms, proxy.ts: 11ms, render: 9.7s)
 GET /products/top-level-s5-wellington-unisex-anti-static-pvc-shoes-steel 200 in 5.6s (compile: 13ms, proxy.ts: 9ms, render: 5.6s)
 GET / 200 in 1915ms (compile: 9ms, proxy.ts: 13ms, render: 1893ms)
✓ Compiled in 504ms
✓ Compiled in 182ms
✓ Compiled in 426ms
✓ Compiled in 143ms
 GET / 200 in 2.7s (compile: 824ms, proxy.ts: 22ms, render: 1884ms)
 GET /products/bds-flanged-ear-plugs-orange-25-db-nrr-ansi-certified-slow 200 in 7.7s (compile: 415ms, proxy.ts: 6ms, render: 7.3s)
 GET /about 200 in 619ms (compile: 345ms, proxy.ts: 30ms, render: 244ms)
 GET /about 200 in 439ms (compile: 6ms, proxy.ts: 11ms, render: 423ms)
 GET /about 200 in 381ms (compile: 5ms, proxy.ts: 12ms, render: 363ms)
 GET /products/bds-flanged-ear-plugs-orange-25-db-nrr-ansi-certified-slow 200 in 31.0s (compile: 14ms, proxy.ts: 6ms, render: 31.0s)
 GET /about 200 in 10.7s (compile: 58ms, proxy.ts: 318ms, render: 10.4s)
 GET /products 200 in 5.1s (compile: 1742ms, proxy.ts: 684ms, render: 2.7s)
 GET /products 200 in 6.8s (compile: 3ms, proxy.ts: 8ms, render: 6.8s)
 GET /products 200 in 2.3s (compile: 5ms, proxy.ts: 8ms, render: 2.3s)
✓ Compiled in 483ms
 GET /products 200 in 3.5s (compile: 4ms, proxy.ts: 9ms, render: 3.5s)
 GET /products/bds-flanged-ear-plugs-orange-25-db-nrr-ansi-certified-slow 200 in 7.1s (compile: 59ms, proxy.ts: 29ms, render: 7.0s)
 GET /products/bds-flanged-ear-plugs-orange-25-db-nrr-ansi-certified-slow 200 in 3.8s (compile: 14ms, proxy.ts: 8ms, render: 3.8s)
 GET / 200 in 1338ms (compile: 11ms, proxy.ts: 4ms, render: 1323ms)
 GET /products/bds-flanged-ear-plugs-orange-25-db-nrr-ansi-certified-slow 200 in 3.8s (compile: 14ms, proxy.ts: 5ms, render: 3.8s)
 GET /products/bds-flanged-ear-plugs-orange-25-db-nrr-ansi-certified-slow 200 in 5.1s (compile: 18ms, proxy.ts: 6ms, render: 5.1s)
 GET /products/bds-flanged-ear-plugs-orange-25-db-nrr-ansi-certified-slow 200 in 7.1s (compile: 15ms, proxy.ts: 6ms, render: 7.0s)
✓ Compiled in 705ms
✓ Compiled in 234ms
 GET /products 200 in 4.3s (compile: 1249ms, proxy.ts: 43ms, render: 3.0s)
 GET /products 200 in 2.1s (compile: 8ms, proxy.ts: 13ms, render: 2.0s)
 GET /products 200 in 1092ms (compile: 4ms, proxy.ts: 14ms, render: 1074ms)
 GET /products/3m-1100-earplugs-noise-reduction-hearing-protection 200 in 4.2s (compile: 245ms, proxy.ts: 4ms, render: 4.0s)
 GET /products 200 in 2.4s (compile: 27ms, proxy.ts: 5ms, render: 2.4s)
 GET /products 200 in 1534ms (compile: 4ms, proxy.ts: 6ms, render: 1525ms)
 GET /products/3m-1100-earplugs-noise-reduction-hearing-protection 200 in 2.2s (compile: 20ms, proxy.ts: 5ms, render: 2.2s)
 GET /products 200 in 1381ms (compile: 5ms, proxy.ts: 27ms, render: 1349ms)
 GET /products 200 in 2.1s (compile: 3ms, proxy.ts: 4ms, render: 2.1s)
 GET /products/3m-1100-earplugs-noise-reduction-hearing-protection 200 in 2.3s (compile: 16ms, proxy.ts: 25ms, render: 2.2s)
 GET /products 200 in 2.1s (compile: 4ms, proxy.ts: 5ms, render: 2.1s)
 GET /products 200 in 1886ms (compile: 3ms, proxy.ts: 5ms, render: 1878ms)
 GET /products 200 in 1924ms (compile: 3ms, proxy.ts: 7ms, render: 1914ms)
 POST /products 200 in 788ms (compile: 8ms, proxy.ts: 17ms, render: 763ms)
 GET /products 200 in 2.1s (compile: 4ms, proxy.ts: 4ms, render: 2.1s)
 GET /products 200 in 1257ms (compile: 4ms, proxy.ts: 28ms, render: 1225ms)
 GET /products 200 in 1063ms (compile: 3ms, proxy.ts: 5ms, render: 1054ms)
 GET /products 200 in 985ms (compile: 2ms, proxy.ts: 3ms, render: 980ms)
 GET /products 200 in 936ms (compile: 2ms, proxy.ts: 4ms, render: 929ms)
⨯ upstream image response timed out for https://shop.laifappe.com/products/1776091654758-0-amyoif.webp
 GET /products 200 in 1542ms (compile: 4ms, proxy.ts: 4ms, render: 1535ms)
✓ Compiled in 322ms
 GET /products/bds-flanged-ear-plugs-orange-25-db-nrr-ansi-certified-slow 200 in 7.4s (compile: 3.5s, proxy.ts: 280ms, render: 3.6s)
 GET /products/bds-flanged-ear-plugs-orange-25-db-nrr-ansi-certified-slow 200 in 3.0s (compile: 39ms, proxy.ts: 64ms, render: 2.9s)
 GET / 200 in 2.8s (compile: 1185ms, proxy.ts: 82ms, render: 1541ms)
✓ Compiled in 840ms
 GET / 200 in 1762ms (compile: 96ms, proxy.ts: 58ms, render: 1608ms)
 GET / 200 in 1509ms (compile: 6ms, proxy.ts: 12ms, render: 1491ms)
✓ Compiled in 822ms
 GET /products 200 in 5.7s (compile: 835ms, proxy.ts: 4ms, render: 4.9s)
 GET /products 200 in 2.2s (compile: 5ms, proxy.ts: 5ms, render: 2.1s)
 GET / 200 in 2.6s (compile: 423ms, proxy.ts: 66ms, render: 2.1s)
 GET / 200 in 1331ms (compile: 5ms, proxy.ts: 21ms, render: 1304ms)
 GET /products 200 in 1736ms (compile: 8ms, proxy.ts: 34ms, render: 1694ms)
 GET /solutions 200 in 3.4s (compile: 788ms, proxy.ts: 12ms, render: 2.6s)
 GET / 200 in 1365ms (compile: 5ms, proxy.ts: 25ms, render: 1335ms)
Error [TimeoutError]: The operation was aborted due to timeout
    at ignore-listed frames {
  code: 23,
  INDEX_SIZE_ERR: 1,
  DOMSTRING_SIZE_ERR: 2,
  HIERARCHY_REQUEST_ERR: 3,
  WRONG_DOCUMENT_ERR: 4,
  INVALID_CHARACTER_ERR: 5,
  NO_DATA_ALLOWED_ERR: 6,
  NO_MODIFICATION_ALLOWED_ERR: 7,
  NOT_FOUND_ERR: 8,
  NOT_SUPPORTED_ERR: 9,
  INUSE_ATTRIBUTE_ERR: 10,
  INVALID_STATE_ERR: 11,
  SYNTAX_ERR: 12,
  INVALID_MODIFICATION_ERR: 13,
  NAMESPACE_ERR: 14,
  INVALID_ACCESS_ERR: 15,
  VALIDATION_ERR: 16,
  TYPE_MISMATCH_ERR: 17,
  SECURITY_ERR: 18,
  NETWORK_ERR: 19,
  ABORT_ERR: 20,
  URL_MISMATCH_ERR: 21,
  QUOTA_EXCEEDED_ERR: 22,
  TIMEOUT_ERR: 23,
  INVALID_NODE_TYPE_ERR: 24,
  DATA_CLONE_ERR: 25
}
Error [TimeoutError]: The operation was aborted due to timeout
    at ignore-listed frames {
  code: 23,
  INDEX_SIZE_ERR: 1,
  DOMSTRING_SIZE_ERR: 2,
  HIERARCHY_REQUEST_ERR: 3,
  WRONG_DOCUMENT_ERR: 4,
  INVALID_CHARACTER_ERR: 5,
  NO_DATA_ALLOWED_ERR: 6,
  NO_MODIFICATION_ALLOWED_ERR: 7,
  NOT_FOUND_ERR: 8,
  NOT_SUPPORTED_ERR: 9,
  INUSE_ATTRIBUTE_ERR: 10,
  INVALID_STATE_ERR: 11,
  SYNTAX_ERR: 12,
  INVALID_MODIFICATION_ERR: 13,
  NAMESPACE_ERR: 14,
  INVALID_ACCESS_ERR: 15,
  VALIDATION_ERR: 16,
  TYPE_MISMATCH_ERR: 17,
  SECURITY_ERR: 18,
  NETWORK_ERR: 19,
  ABORT_ERR: 20,
  URL_MISMATCH_ERR: 21,
  QUOTA_EXCEEDED_ERR: 22,
  TIMEOUT_ERR: 23,
  INVALID_NODE_TYPE_ERR: 24,
  DATA_CLONE_ERR: 25
}
 GET /_next/image?url=https%3A%2F%2Fshop.laifappe.com%2Fsolutions%2Fppe-safety-equipment-for-mining-quarrying-cover-1772443454027.webp&w=2048&q=75 500 in 7.1s (compile: 7.1s, render: 79ms)
 GET /_next/image?url=https%3A%2F%2Fshop.laifappe.com%2Fsolutions%2Fppe-safety-equipment-for-mining-quarrying-cover-1772443454027.webp&w=2048&q=75 500 in 7.1s (compile: 7.1s, render: 79ms)
 GET /_next/image?url=https%3A%2F%2Fshop.laifappe.com%2Fsolutions%2Fppe-for-steel-structure-installation-work-cover-1772011042333.webp&w=2048&q=75 500 in 7.1s (compile: 7.1s, render: 13ms)
 GET /_next/image?url=https%3A%2F%2Fshop.laifappe.com%2Fsolutions%2Fppe-for-steel-structure-installation-work-cover-1772011042333.webp&w=2048&q=75 500 in 7.1s (compile: 7.1s, render: 13ms)
 GET /solutions/fall-protection-construction 200 in 3.6s (compile: 678ms, proxy.ts: 16ms, render: 2.9s)
 GET / 200 in 1488ms (compile: 7ms, proxy.ts: 12ms, render: 1468ms)
 GET / 200 in 1893ms (compile: 4ms, proxy.ts: 16ms, render: 1873ms)
✓ Finished filesystem cache database compaction in 10.4s
✓ Compiled in 299ms
 GET / 200 in 8.3s (compile: 3ms, proxy.ts: 17ms, render: 8.3s)
 GET / 200 in 8.4s (compile: 4ms, proxy.ts: 17ms, render: 8.4s)
 GET / 200 in 8.7s (compile: 2ms, proxy.ts: 19ms, render: 8.7s)
 GET / 200 in 9.1s (compile: 3ms, proxy.ts: 21ms, render: 9.1s)
 GET / 200 in 8.9s (compile: 12ms, proxy.ts: 15ms, render: 8.9s)
 GET / 200 in 9.5s (compile: 201ms, proxy.ts: 9ms, render: 9.3s)
 GET / 200 in 821ms (compile: 18ms, proxy.ts: 9ms, render: 794ms)
 GET / 200 in 1582ms (compile: 177ms, proxy.ts: 16ms, render: 1388ms)
 GET / 200 in 1327ms (compile: 17ms, proxy.ts: 12ms, render: 1298ms)
 GET / 200 in 1496ms (compile: 3ms, proxy.ts: 8ms, render: 1485ms)
 GET / 200 in 1422ms (compile: 4ms, proxy.ts: 9ms, render: 1410ms)
 GET / 200 in 1467ms (compile: 3ms, proxy.ts: 18ms, render: 1445ms)
 GET / 200 in 1299ms (compile: 4ms, proxy.ts: 7ms, render: 1288ms)
 GET / 200 in 887ms (compile: 3ms, proxy.ts: 7ms, render: 877ms)
 GET / 200 in 1293ms (compile: 2ms, proxy.ts: 6ms, render: 1284ms)
 GET / 200 in 1006ms (compile: 4ms, proxy.ts: 9ms, render: 993ms)
 GET / 200 in 921ms (compile: 3ms, proxy.ts: 7ms, render: 911ms)
 GET / 200 in 1026ms (compile: 3ms, proxy.ts: 7ms, render: 1016ms)
 GET / 200 in 586ms (compile: 3ms, proxy.ts: 11ms, render: 572ms)
 GET / 200 in 1336ms (compile: 4ms, proxy.ts: 7ms, render: 1326ms)
 GET / 200 in 817ms (compile: 3ms, proxy.ts: 19ms, render: 796ms)
 GET / 200 in 850ms (compile: 3ms, proxy.ts: 7ms, render: 841ms)
 GET / 200 in 1295ms (compile: 3ms, proxy.ts: 9ms, render: 1283ms)
 GET / 200 in 1295ms (compile: 3ms, proxy.ts: 8ms, render: 1284ms)
 GET / 200 in 1310ms (compile: 3ms, proxy.ts: 5ms, render: 1302ms)
 GET / 200 in 1000ms (compile: 3ms, proxy.ts: 8ms, render: 990ms)
 GET / 200 in 1687ms (compile: 3ms, proxy.ts: 4ms, render: 1679ms)
 GET / 200 in 1535ms (compile: 4ms, proxy.ts: 11ms, render: 1520ms)
 GET / 200 in 1528ms (compile: 4ms, proxy.ts: 8ms, render: 1517ms)
 GET / 200 in 1506ms (compile: 4ms, proxy.ts: 9ms, render: 1493ms)
✓ Compiled in 204ms
 GET / 200 in 955ms (compile: 24ms, proxy.ts: 4ms, render: 927ms)
 GET / 200 in 1621ms (compile: 5ms, proxy.ts: 10ms, render: 1606ms)
 GET / 200 in 1491ms (compile: 11ms, proxy.ts: 11ms, render: 1469ms)
✓ Compiled in 279ms
✓ Compiled in 104ms
 GET / 200 in 2.4s (compile: 861ms, proxy.ts: 24ms, render: 1484ms)
 GET / 200 in 2.1s (compile: 3ms, proxy.ts: 10ms, render: 2.1s)
 GET / 200 in 2.1s (compile: 4ms, proxy.ts: 9ms, render: 2.0s)
 GET / 200 in 2.2s (compile: 3ms, proxy.ts: 7ms, render: 2.2s)
 GET / 200 in 2.2s (compile: 3ms, proxy.ts: 10ms, render: 2.2s)
 GET / 200 in 2.3s (compile: 19ms, proxy.ts: 11ms, render: 2.3s)
 GET / 200 in 1811ms (compile: 4ms, proxy.ts: 9ms, render: 1798ms)
 GET / 200 in 716ms (compile: 2ms, proxy.ts: 9ms, render: 704ms)
 GET / 200 in 1537ms (compile: 4ms, proxy.ts: 9ms, render: 1524ms)
 GET / 200 in 1488ms (compile: 3ms, proxy.ts: 11ms, render: 1474ms)
 GET / 200 in 1402ms (compile: 3ms, proxy.ts: 9ms, render: 1390ms)
 GET / 200 in 1365ms (compile: 3ms, proxy.ts: 9ms, render: 1353ms)
 GET / 200 in 748ms (compile: 3ms, proxy.ts: 7ms, render: 737ms)
 GET / 200 in 8.6s (compile: 22ms, proxy.ts: 44ms, render: 8.6s)
 GET /about 200 in 1513ms (compile: 692ms, proxy.ts: 3ms, render: 818ms)
 GET / 200 in 1723ms (compile: 48ms, proxy.ts: 351ms, render: 1325ms)
 GET / 200 in 1587ms (compile: 7ms, proxy.ts: 14ms, render: 1566ms)
 GET /about 200 in 145ms (compile: 12ms, proxy.ts: 9ms, render: 124ms)
